pedido_id,fecha,departamento,municipio,zona,restaurante,categoria_restaurante,metodo_pago,total_pedido_gtq,tiempo_entrega_min,distancia_km,calificacion
1576,2026-01-03,Guatemala,Guatemala,Zona 1,Café Chuwa,Cafetería,Tarjeta,42.67,19.9,4.27,4.0
1453,2026-02-01,Guatemala,Guatemala,Zona 1,Burger Xelajú,Comida rápida,TARJETA,48.75,25.4,1.97,4.0
1131,2026-07-08,Guatemala,Mixco,Zona 4 de Mixco,Tacos El Chapín,Comida mexicana,Efectivo,33.51,32.6,,4.0
1359,2026-06-21,Guatemala,Villa Nueva,Centro,Café Chuwa,Cafetería,Efectivo,35.0,28.2,4.34,4.0
1272,2026-05-28,Guatemala,Guatemala,Zona 15,Burger Xelajú,Comida rápida,Transferencia,56.48,196.0,2.97,4.0
1270,2026-08-24,Guatemala,Villa Nueva,Centro,Tacos El Chapín,Comida mexicana,Efectivo,46.25,19.6,0.3,5.0
1111,2026-03-11,Guatemala,Guatemala,Zona 10,Pizza Volcán,Pizzería,Efectivo,51.97,24.4,2.12,5.0
1575,2026-08-19,Quetzaltenango,Quetzaltenango,Zona 3,Pupusas Doña Lupe,Comida típica,Tarjeta,28.03,43.6,1.68,5.0
1254,2026-04-13,Guatemala,Guatemala,Zona 10,Café Chuwa,Cafetería,Tarjeta,32.74,28.6,2.16,5.0
1346,2026-02-13,Quetzaltenango,Quetzaltenango,Zona 3,Burger Xelajú,Comida rápida,Efectivo,29.19,32.4,2.44,4.0
1037,2026-08-30,Sacatepéquez,Antigua Guatemala,Centro Histórico,Pollo Real,Comida rápida,Efectivo,26.15,35.8,,
1010,2026-06-20,Sacatepéquez,Antigua Guatemala,Centro Histórico,Pizza Volcán,Pizzería,Tarjeta,32.53,32.8,1.5,3.0
1045,2026-05-01,Guatemala,Mixco,Zona 4 de Mixco,Sushi Ixchel,Comida asiática,Efectivo,40.85,34.2,2.29,5.0
1324,2026-04-13,Quetzaltenango,Quetzaltenango,Zona 3,Sushi Ixchel,Comida asiática,Tarjeta,551.73,26.3,3.03,5.0
1607,2026-05-14,Guatemala,Villa Nueva,Centro,Pollo Real,Comida rápida,Tarjeta,50.84,39.5,,5.0
1366,2026-04-09,Quetzaltenango,Quetzaltenango,Zona 3,Café Chuwa,Cafetería,Tarjeta,20.77,25.8,5.2,3.0
1330,2026-03-18,Sacatepéquez,Antigua Guatemala,Centro Histórico,Café Chuwa,Cafetería,Tarjeta,12.89,29.7,1.63,5.0
1339,2026-08-13,Guatemala,Guatemala,Zona 1,Pupusas Doña Lupe,Comida típica,Transferencia,47.62,35.8,5.17,5.0
1251,2026-04-19,Guatemala,Mixco,Zona 4 de Mixco,Pupusas Doña Lupe,Comida típica,Efectivo,15.69,20.2,3.91,5.0
1235,2026-06-24,Guatemala,Guatemala,Zona 15,Pupusas Doña Lupe,Comida típica,Efectivo,26.05,29.3,3.61,5.0
1175,2026-06-19,Quetzaltenango,Quetzaltenango,Zona 3,Pollo Real,Comida rápida,Tarjeta,49.2,36.9,2.44,5.0
1112,2026-03-16,Guatemala,Mixco,Zona 4 de Mixco,Sushi Ixchel,Comida asiática,Tarjeta,41.02,18.3,1.5,5.0
1107,2026-04-03,Guatemala,Guatemala,Zona 1,Burger Xelajú,Comida rápida,Tarjeta,39.86,34.9,2.01,3.0
1218,2026-08-28,Guatemala,Guatemala,Zona 15,Café Chuwa,Cafetería,Efectivo,24.8,19.9,3.05,4.0
1048,2026-03-14,Guatemala,Guatemala,Zona 15,Café Chuwa,Cafetería,Tarjeta,18.72,22.4,1.72,3.0
1608,2026-02-23,Sacatepéquez,Antigua Guatemala,Centro Histórico,Burger Xelajú,Comida rápida,Transferencia,36.48,30.4,6.5,5.0
1276,2026-04-22,Quetzaltenango,Quetzaltenango,Zona 3,Pollo Real,Comida rápida,Tarjeta,24.58,20.5,5.49,5.0
1418,2026-02-17,Quetzaltenango,Quetzaltenango,Zona 3,Burger Xelajú,Comida rápida,Tarjeta,26.47,40.9,3.67,5.0
1081,2026-07-31,Sacatepéquez,Antigua Guatemala,Centro Histórico,Pollo Real,Comida rápida,Tarjeta,59.95,29.4,4.5,4.0
1080,2026-01-20,Sacatepéquez,Antigua Guatemala,Centro Histórico,Sushi Ixchel,Comida asiática,Efectivo,41.99,27.2,4.05,4.0
1466,2026-05-17,Guatemala,Guatemala,Zona 15,Tacos El Chapín,Comida mexicana,Tarjeta,27.79,21.6,0.63,5.0
1315,2026-06-14,Sacatepéquez,Antigua Guatemala,Centro Histórico,Pupusas Doña Lupe,Comida típica,Transferencia,76.91,25.0,3.44,2.0
1451,2026-06-26,Guatemala,Mixco,Zona 4 de Mixco,Café Chuwa,Cafetería,Efectivo,59.01,42.4,6.08,4.0
1447,2026-02-25,Guatemala,Guatemala,Zona 15,Sushi Ixchel,Comida asiática,Efectivo,24.1,17.0,4.56,1.0
1201,2026-08-10,Guatemala,Guatemala,Zona 15,Café Chuwa,Cafetería,Tarjeta,43.02,32.6,1.77,2.0
1499,2026-05-11,Guatemala,Guatemala,Zona 10,Tacos El Chapín,Comida mexicana,Tarjeta,30.08,44.6,1.39,4.0
1438,2026-04-25,Guatemala,Villa Nueva,Centro,Pupusas Doña Lupe,Comida típica,Tarjeta,50.43,27.1,1.63,5.0
1031,2026-06-30,Guatemala,Guatemala,Zona 10,Café Chuwa,Cafetería,Efectivo,32.98,32.2,3.78,5.0
1169,2026-06-17,Quetzaltenango,Quetzaltenango,Zona 3,Tacos El Chapín,Comida mexicana,Tarjeta,34.44,29.9,,5.0
1558,2026-03-23,Quetzaltenango,Quetzaltenango,Zona 3,Pollo Real,Comida rápida,Efectivo,16.2,38.9,2.84,5.0
1331,2026-03-12,Guatemala,Guatemala,Zona 15,Tacos El Chapín,Comida mexicana,Efectivo,51.32,28.9,4.14,4.0
1424,2026-06-06,Guatemala,Guatemala,Zona 10,Pollo Real,Comida rápida,Tarjeta,60.75,27.3,4.65,3.0
1425,2026-04-17,Guatemala,Mixco,Zona 4 de Mixco,Pizza Volcán,Pizzería,Efectivo,31.79,17.3,5.73,4.0
1361,2026-05-10,Guatemala,Guatemala,Zona 10,Sushi Ixchel,Comida asiática,Tarjeta,31.45,39.6,4.05,3.0
1387,2026-08-01,Guatemala,Guatemala,Zona 15,Pizza Volcán,Pizzería,Efectivo,36.18,26.2,1.82,4.0
1058,2026-03-03,Quetzaltenango,Quetzaltenango,Zona 3,Burger Xelajú,Comida rápida,Efectivo,33.12,39.9,4.47,5.0
1268,2026-02-19,Sacatepéquez,Antigua Guatemala,Centro Histórico,Burger Xelajú,Comida rápida,Efectivo,28.74,29.3,0.7,5.0
1237,2026-02-19,Sacatepéquez,Antigua Guatemala,Centro Histórico,Pollo Real,Comida rápida,Tarjeta,43.0,27.6,0.66,5.0
1258,2026-05-30,Sacatepéquez,Antigua Guatemala,Centro Histórico,Pollo Real,Comida rápida,Tarjeta,35.13,29.2,2.33,5.0
1123,2026-01-02,Guatemala,Guatemala,Zona 10,Pupusas Doña Lupe,Comida típica,Tarjeta,32.1,26.1,1.31,4.0
1512,2026-07-13,Quetzaltenango,Quetzaltenango,Zona 3,Pupusas Doña Lupe,Comida típica,Efectivo,38.45,25.0,4.93,
1579,2026-07-31,Guatemala,Guatemala,Zona 1,Pupusas Doña Lupe,Comida típica,Transferencia,54.4,18.0,2.51,4.0
1462,2026-06-13,Quetzaltenango,Quetzaltenango,Zona 3,Sushi Ixchel,Comida asiática,Transferencia,23.15,36.7,1.56,5.0
1362,2026-04-29,Guatemala,Villa Nueva,Centro,Pupusas Doña Lupe,Comida típica,Efectivo,21.3,15.1,4.14,4.0
1053,2026-07-10,Guatemala,Guatemala,Zona 10,Tacos El Chapín,Comida mexicana,Efectivo,14.51,28.3,3.64,
1116,2026-02-18,Guatemala,Guatemala,Zona 10,Burger Xelajú,Comida rápida,Tarjeta,47.58,28.6,5.87,4.0
1596,2026-08-20,Guatemala,Guatemala,Zona 1,Burger Xelajú,Comida rápida,Efectivo,25.24,33.0,2.59,5.0
1603,2026-02-09,Guatemala,Guatemala,Zona 15,Tacos El Chapín,Comida mexicana,Tarjeta,46.37,19.2,,2.0
1369,2026-04-06,Guatemala,Mixco,Zona 4 de Mixco,Pollo Real,Comida rápida,Tarjeta,36.89,23.0,4.4,4.0
1283,2026-07-15,Guatemala,Guatemala,Zona 1,Pollo Real,Comida rápida,Transferencia,23.56,35.3,,5.0
1291,2026-01-18,Sacatepéquez,Antigua Guatemala,Centro Histórico,Café Chuwa,Cafetería,Efectivo,38.76,23.6,2.02,3.0
1491,2026-07-03,Guatemala,Guatemala,Zona 10,Pupusas Doña Lupe,Comida típica,Transferencia,42.52,29.4,4.69,3.0
1105,2026-07-05,Quetzaltenango,Quetzaltenango,Zona 3,Café Chuwa,Cafetería,Tarjeta,33.55,31.1,2.79,4.0
1433,2026-03-12,Guatemala,Guatemala,Zona 1,Sushi Ixchel,Comida asiática,Tarjeta,33.62,19.1,2.28,5.0
1097,2026-07-16,Guatemala,Guatemala,Zona 10,Café Chuwa,Cafetería,Tarjeta,47.1,31.8,1.26,
1326,2026-07-15,Quetzaltenango,Quetzaltenango,Zona 3,Pupusas Doña Lupe,Comida típica,Tarjeta,26.58,37.8,,5.0
1546,2026-04-23,Guatemala,Guatemala,Zona 15,Café Chuwa,Cafetería,TRANSFERENCIA,22.03,28.5,3.04,5.0
1342,2026-01-17,Guatemala,Guatemala,Zona 15,Tacos El Chapín,Comida mexicana,Tarjeta,33.16,30.5,1.31,5.0
1170,2026-07-10,Guatemala,Guatemala,Zona 1,Burger Xelajú,Comida rápida,Transferencia,45.72,21.6,3.87,2.0
1528,2026-08-11,Sacatepéquez,Antigua Guatemala,Centro Histórico,Café Chuwa,Cafetería,Tarjeta,40.07,37.6,2.04,5.0
1101,2026-03-03,Sacatepéquez,Antigua Guatemala,Centro Histórico,Sushi Ixchel,Comida asiática,EFECTIVO,20.86,21.4,3.08,5.0
1385,2026-06-22,Guatemala,Guatemala,Zona 10,Tacos El Chapín,Comida mexicana,Tarjeta,31.31,20.2,0.51,3.0
1477,2026-01-04,Guatemala,Mixco,Zona 4 de Mixco,Sushi Ixchel,Comida asiática,Tarjeta,16.1,29.0,5.03,5.0
1130,2026-04-01,Guatemala,Guatemala,Zona 1,Tacos El Chapín,Comida mexicana,Efectivo,31.54,20.4,3.55,4.0
1127,2026-05-23,Guatemala,Guatemala,Zona 15,Burger Xelajú,Comida rápida,Tarjeta,20.36,25.5,1.14,1.0
1046,2026-08-07,Guatemala,Mixco,Zona 4 de Mixco,Pollo Real,Comida rápida,Efectivo,54.77,30.2,3.58,3.0
1482,2026-04-11,Guatemala,Mixco,Zona 4 de Mixco,Pollo Real,Comida rápida,Transferencia,16.3,31.6,3.95,4.0
1188,2026-08-09,Quetzaltenango,Quetzaltenango,Zona 3,Pupusas Doña Lupe,Comida típica,Transferencia,46.67,23.3,0.3,5.0
1014,2026-05-22,Guatemala,Villa Nueva,Centro,Pollo Real,Comida rápida,Tarjeta,49.18,17.4,0.67,3.0
1206,2026-03-27,Sacatepéquez,Antigua Guatemala,Centro Histórico,Burger Xelajú,Comida rápida,Tarjeta,41.53,16.6,3.16,2.0
1486,2026-02-05,Guatemala,Guatemala,Zona 1,Sushi Ixchel,Comida asiática,Tarjeta,56.82,38.6,,5.0
1061,2026-03-03,Guatemala,Villa Nueva,Centro,Pizza Volcán,Pizzería,Efectivo,16.31,15.5,5.25,3.0
1103,2026-05-24,Guatemala,Guatemala,Zona 15,Café Chuwa,Cafetería,Efectivo,28.09,33.1,4.77,4.0
1287,2026-03-10,Guatemala,Guatemala,Zona 15,Pizza Volcán,Pizzería,Tarjeta,35.49,32.4,3.39,3.0
1384,2026-01-10,Guatemala,Mixco,Zona 4 de Mixco,Café Chuwa,Cafetería,Efectivo,34.82,26.9,4.24,5.0
1334,2026-04-20,Quetzaltenango,Quetzaltenango,Zona 3,Tacos El Chapín,Comida mexicana,Tarjeta,31.47,18.1,2.51,5.0
1132,2026-05-11,Guatemala,Guatemala,Zona 10,Pupusas Doña Lupe,Comida típica,Tarjeta,61.98,-5.8,3.72,5.0
1174,2026-07-09,Guatemala,Villa Nueva,Centro,Pupusas Doña Lupe,Comida típica,Transferencia,56.52,22.3,2.16,4.0
1073,2026-07-24,Guatemala,Guatemala,Zona 1,Café Chuwa,Cafetería,Efectivo,17.8,21.4,3.37,4.0
1593,2026-02-01,Guatemala,Villa Nueva,Centro,Pupusas Doña Lupe,Comida típica,Efectivo,26.89,25.1,4.68,5.0
1312,2026-06-03,Guatemala,Mixco,Zona 4 de Mixco,Pollo Real,Comida rápida,Efectivo,39.73,31.9,2.92,1.0
1563,2026-05-19,Sacatepéquez,Antigua Guatemala,Centro Histórico,Burger Xelajú,Comida rápida,Tarjeta,45.5,40.1,1.51,5.0
1067,2026-06-20,Guatemala,Guatemala,Zona 1,Pizza Volcán,Pizzería,Efectivo,51.48,51.8,5.26,5.0
1180,2026-07-30,Guatemala,Guatemala,Zona 15,Sushi Ixchel,Comida asiática,Tarjeta,55.68,32.0,1.88,5.0
1487,2026-07-21,Guatemala,Guatemala,Zona 1,Pollo Real,Comida rápida,Efectivo,46.19,40.3,0.3,4.0
1352,2026-02-21,Guatemala,Mixco,Zona 4 de Mixco,Tacos El Chapín,Comida mexicana,Tarjeta,28.59,21.9,3.05,5.0
1142,2026-02-17,Guatemala,Guatemala,Zona 1,Café Chuwa,Cafetería,Efectivo,19.01,23.4,4.44,5.0
1306,2026-07-04,Guatemala,Guatemala,Zona 15,Tacos El Chapín,Comida mexicana,Efectivo,37.67,25.3,3.96,3.0
1598,2026-01-17,Guatemala,Guatemala,Zona 15,Pupusas Doña Lupe,Comida típica,Efectivo,31.19,13.5,1.77,5.0
1070,2026-07-30,Guatemala,Guatemala,Zona 1,Sushi Ixchel,Comida asiática,Tarjeta,40.82,31.8,2.95,4.0
1266,2026-01-28,Guatemala,Guatemala,Zona 15,Pupusas Doña Lupe,Comida típica,Tarjeta,31.61,30.0,0.92,
1224,2026-07-24,Sacatepéquez,Antigua Guatemala,Centro Histórico,Sushi Ixchel,Comida asiática,EFECTIVO,34.36,30.8,2.24,5.0
1102,2026-07-02,Sacatepéquez,Antigua Guatemala,Centro Histórico,Tacos El Chapín,Comida mexicana,Tarjeta,32.51,21.1,4.08,4.0
1310,2026-07-31,Sacatepéquez,Antigua Guatemala,Centro Histórico,Burger Xelajú,Comida rápida,Tarjeta,47.61,34.9,3.31,4.0
1137,2026-08-18,Guatemala,Villa Nueva,Centro,Pupusas Doña Lupe,Comida típica,Tarjeta,42.88,35.4,2.21,5.0
1336,2026-02-10,Guatemala,Mixco,Zona 4 de Mixco,Pizza Volcán,Pizzería,Efectivo,35.03,23.3,3.58,5.0
1284,2026-03-07,Sacatepéquez,Antigua Guatemala,Centro Histórico,Burger Xelajú,Comida rápida,Tarjeta,49.72,19.1,1.07,5.0
1155,2026-02-25,Guatemala,Villa Nueva,Centro,Café Chuwa,Cafetería,Tarjeta,38.81,30.0,3.88,4.0
1091,2026-01-17,Guatemala,Guatemala,Zona 10,Burger Xelajú,Comida rápida,Transferencia,22.58,21.6,3.52,
1478,2026-04-27,Guatemala,Villa Nueva,Centro,Burger Xelajú,Comida rápida,Transferencia,27.89,20.6,2.11,5.0
1106,2026-08-29,Guatemala,Mixco,Zona 4 de Mixco,Burger Xelajú,Comida rápida,Efectivo,615.05,29.7,3.74,5.0
1159,2026-08-13,Guatemala,Guatemala,Zona 15,Sushi Ixchel,Comida asiática,Tarjeta,33.16,22.6,2.68,5.0
1027,2026-08-21,Quetzaltenango,Quetzaltenango,Zona 3,Sushi Ixchel,Comida asiática,TARJETA,29.62,18.6,5.2,5.0
1338,2026-02-19,Quetzaltenango,Quetzaltenango,Zona 3,Café Chuwa,Cafetería,Tarjeta,23.33,37.0,,5.0
1144,2026-06-07,Sacatepéquez,Antigua Guatemala,Centro Histórico,Pizza Volcán,Pizzería,Efectivo,47.69,30.4,2.45,5.0
1124,2026-05-06,Guatemala,Guatemala,Zona 15,Burger Xelajú,Comida rápida,Transferencia,54.29,37.8,4.82,5.0
1468,2026-01-31,Guatemala,Mixco,Zona 4 de Mixco,Pizza Volcán,Pizzería,Efectivo,44.38,26.4,2.57,5.0
1370,2026-02-25,Sacatepéquez,Antigua Guatemala,Centro Histórico,Pollo Real,Comida rápida,Transferencia,37.55,21.2,2.74,5.0
1547,2026-04-10,Guatemala,Guatemala,Zona 1,Burger Xelajú,Comida rápida,Tarjeta,43.83,16.5,2.27,5.0
1185,2026-03-11,Guatemala,Villa Nueva,Centro,Sushi Ixchel,Comida asiática,Tarjeta,41.38,24.3,3.14,4.0
1239,2026-01-01,Guatemala,Villa Nueva,Centro,Sushi Ixchel,Comida asiática,Tarjeta,38.17,19.6,2.19,
1488,2026-02-18,Guatemala,Guatemala,Zona 10,Café Chuwa,Cafetería,Tarjeta,25.48,33.4,,4.0
1328,2026-01-12,Guatemala,Mixco,Zona 4 de Mixco,Sushi Ixchel,Comida asiática,Tarjeta,36.25,26.4,5.51,5.0
1436,2026-04-29,Guatemala,Guatemala,Zona 15,Pollo Real,Comida rápida,Tarjeta,10.83,26.3,0.95,
1043,2026-01-29,Guatemala,Guatemala,Zona 15,Burger Xelajú,Comida rápida,Tarjeta,33.17,23.5,2.86,5.0
1402,2026-02-02,Guatemala,Mixco,Zona 4 de Mixco,Pizza Volcán,Pizzería,Efectivo,42.86,38.6,5.0,4.0
1552,2026-02-24,Guatemala,Mixco,Zona 4 de Mixco,Pizza Volcán,Pizzería,Efectivo,30.05,28.7,2.62,5.0
1157,2026-07-16,Guatemala,Guatemala,Zona 1,Burger Xelajú,Comida rápida,Tarjeta,38.53,30.4,5.02,4.0
1121,2026-06-18,Quetzaltenango,Quetzaltenango,Zona 3,Pizza Volcán,Pizzería,Transferencia,65.81,37.2,1.3,1.0
1136,2026-01-12,Guatemala,Guatemala,Zona 1,Pollo Real,Comida rápida,Efectivo,44.76,194.4,6.6,5.0
1028,2026-07-16,Guatemala,Villa Nueva,Centro,Burger Xelajú,Comida rápida,Efectivo,49.96,38.5,2.18,4.0
1129,2026-03-15,Sacatepéquez,Antigua Guatemala,Centro Histórico,Sushi Ixchel,Comida asiática,Tarjeta,34.05,20.3,1.74,4.0
1567,2026-03-24,Guatemala,Guatemala,Zona 15,Tacos El Chapín,Comida mexicana,Tarjeta,21.46,33.0,2.51,1.0
1518,2026-02-24,Sacatepéquez,Antigua Guatemala,Centro Histórico,Café Chuwa,Cafetería,Tarjeta,39.01,-3.9,1.19,4.0
1214,2026-02-07,Quetzaltenango,Quetzaltenango,Zona 3,Burger Xelajú,Comida rápida,Tarjeta,33.53,20.5,6.58,5.0
1040,2026-02-19,Guatemala,Guatemala,Zona 1,Café Chuwa,Cafetería,Tarjeta,23.17,32.8,6.27,5.0
1345,2026-04-11,Guatemala,Villa Nueva,Centro,Pollo Real,Comida rápida,Efectivo,62.13,18.0,4.65,2.0
1437,2026-04-04,Sacatepéquez,Antigua Guatemala,Centro Histórico,Pupusas Doña Lupe,Comida típica,Efectivo,636.17,31.7,1.93,4.0
1016,2026-05-24,Sacatepéquez,Antigua Guatemala,Centro Histórico,Sushi Ixchel,Comida asiática,Efectivo,35.34,40.8,3.48,5.0
1008,2026-01-09,Guatemala,Villa Nueva,Centro,Pizza Volcán,Pizzería,Tarjeta,34.55,25.0,3.6,5.0
1322,2026-03-05,Guatemala,Guatemala,Zona 15,Pizza Volcán,Pizzería,Efectivo,23.06,16.9,,4.0
1349,2026-06-06,Guatemala,Guatemala,Zona 10,Pizza Volcán,Pizzería,Efectivo,28.34,33.0,5.11,2.0
1428,2026-02-23,Sacatepéquez,Antigua Guatemala,Centro Histórico,Pupusas Doña Lupe,Comida típica,Efectivo,27.7,35.2,2.53,3.0
1550,2026-04-20,Sacatepéquez,Antigua Guatemala,Centro Histórico,Burger Xelajú,Comida rápida,Transferencia,22.19,33.8,2.27,5.0
1211,2026-03-03,Guatemala,Guatemala,Zona 1,Pollo Real,Comida rápida,Efectivo,36.54,29.7,0.75,4.0
1416,2026-08-22,Guatemala,Guatemala,Zona 1,Pupusas Doña Lupe,Comida típica,Tarjeta,65.23,30.7,3.31,5.0
1409,2026-05-10,Guatemala,Villa Nueva,Centro,Pollo Real,Comida rápida,Efectivo,52.75,21.7,3.22,4.0
1215,2026-01-14,Quetzaltenango,Quetzaltenango,Zona 3,Café Chuwa,Cafetería,Efectivo,25.08,21.1,2.57,3.0
1530,2026-05-15,Quetzaltenango,Quetzaltenango,Zona 3,Pizza Volcán,Pizzería,Efectivo,48.83,-3.0,2.52,4.0
1177,2026-08-17,Guatemala,Villa Nueva,Centro,Tacos El Chapín,Comida mexicana,Tarjeta,36.72,35.0,4.5,3.0
1079,2026-05-13,Guatemala,Guatemala,Zona 10,Sushi Ixchel,Comida asiática,Tarjeta,62.34,17.6,4.05,2.0
1233,2026-04-10,Guatemala,Villa Nueva,Centro,Pupusas Doña Lupe,Comida típica,Tarjeta,35.37,23.7,4.41,5.0
1523,2026-04-09,Sacatepéquez,Antigua Guatemala,Centro Histórico,Pollo Real,Comida rápida,Tarjeta,31.05,13.9,3.24,3.0
1049,2026-06-21,Guatemala,Guatemala,Zona 15,Pizza Volcán,Pizzería,Efectivo,38.93,32.4,2.17,4.0
1386,2026-04-15,Guatemala,Mixco,Zona 4 de Mixco,Pizza Volcán,Pizzería,Tarjeta,58.69,26.5,2.6,4.0
1134,2026-03-16,Guatemala,Villa Nueva,Centro,Pollo Real,Comida rápida,Transferencia,22.59,33.2,0.3,4.0
1614,2026-01-26,Guatemala,Mixco,Zona 4 de Mixco,Pizza Volcán,Pizzería,Tarjeta,68.2,30.8,0.93,4.0
1057,2026-02-05,Guatemala,Guatemala,Zona 10,Burger Xelajú,Comida rápida,Tarjeta,28.21,22.8,3.91,5.0
1411,2026-06-01,Quetzaltenango,Quetzaltenango,Zona 3,Burger Xelajú,Comida rápida,Efectivo,39.59,38.8,2.24,5.0
1613,2026-03-04,Guatemala,Mixco,Zona 4 de Mixco,Pupusas Doña Lupe,Comida típica,Efectivo,39.66,19.4,3.16,5.0
1515,2026-07-02,Guatemala,Villa Nueva,Centro,Pizza Volcán,Pizzería,Tarjeta,50.8,33.6,2.64,
1541,2026-07-05,Guatemala,Villa Nueva,Centro,Tacos El Chapín,Comida mexicana,Tarjeta,26.35,24.8,4.9,5.0
1055,2026-07-08,Guatemala,Guatemala,Zona 15,Café Chuwa,Cafetería,Efectivo,72.44,36.4,4.47,5.0
1232,2026-02-23,Quetzaltenango,Quetzaltenango,Zona 3,Burger Xelajú,Comida rápida,Transferencia,21.43,24.2,2.96,5.0
1209,2026-06-02,Guatemala,Mixco,Zona 4 de Mixco,Pollo Real,Comida rápida,Tarjeta,34.6,33.8,1.79,
1419,2026-08-06,Quetzaltenango,Quetzaltenango,Zona 3,Pollo Real,Comida rápida,Efectivo,44.76,24.3,1.67,4.0
1543,2026-06-23,Guatemala,Villa Nueva,Centro,Tacos El Chapín,Comida mexicana,Efectivo,38.0,26.1,1.3,4.0
1229,2026-07-17,Guatemala,Villa Nueva,Centro,Pollo Real,Comida rápida,Transferencia,29.53,16.4,5.62,
1210,2026-08-22,Quetzaltenango,Quetzaltenango,Zona 3,Pollo Real,Comida rápida,Tarjeta,42.5,30.8,5.06,4.0
1192,2026-02-02,Sacatepéquez,Antigua Guatemala,Centro Histórico,Sushi Ixchel,Comida asiática,Tarjeta,25.45,25.6,3.65,2.0
1126,2026-05-22,Guatemala,Villa Nueva,Centro,Pizza Volcán,Pizzería,Tarjeta,31.91,36.0,3.94,3.0
1025,2026-05-15,Guatemala,Mixco,Zona 4 de Mixco,Café Chuwa,Cafetería,Efectivo,111.17,37.6,1.88,5.0
1494,2026-07-26,Guatemala,Guatemala,Zona 15,Pizza Volcán,Pizzería,Tarjeta,51.34,36.9,4.06,3.0
1319,2026-05-04,Guatemala,Guatemala,Zona 1,Pollo Real,Comida rápida,Tarjeta,45.81,30.4,3.39,5.0
1059,2026-05-26,Guatemala,Guatemala,Zona 1,Tacos El Chapín,Comida mexicana,Tarjeta,46.51,37.3,5.13,4.0
1525,2026-06-15,Guatemala,Villa Nueva,Centro,Pupusas Doña Lupe,Comida típica,Efectivo,49.71,30.9,2.57,5.0
1153,2026-01-03,Guatemala,Mixco,Zona 4 de Mixco,Burger Xelajú,Comida rápida,Tarjeta,33.09,15.3,2.72,5.0
1194,2026-01-07,Guatemala,Villa Nueva,Centro,Sushi Ixchel,Comida asiática,Tarjeta,39.59,35.9,1.61,5.0
1365,2026-02-11,Sacatepéquez,Antigua Guatemala,Centro Histórico,Pupusas Doña Lupe,Comida típica,Tarjeta,32.2,22.0,3.23,3.0
1161,2026-07-22,Guatemala,Mixco,Zona 4 de Mixco,Pollo Real,Comida rápida,Efectivo,54.38,32.6,2.05,5.0
1378,2026-04-23,Guatemala,Guatemala,Zona 1,Pizza Volcán,Pizzería,Efectivo,41.15,32.6,2.72,5.0
1472,2026-05-02,Guatemala,Guatemala,Zona 15,Sushi Ixchel,Comida asiática,Tarjeta,51.15,42.8,2.43,1.0
1204,2026-06-22,Guatemala,Mixco,Zona 4 de Mixco,Burger Xelajú,Comida rápida,Efectivo,24.42,33.7,3.03,5.0
1465,2026-04-03,Guatemala,Mixco,Zona 4 de Mixco,Burger Xelajú,Comida rápida,Tarjeta,38.47,36.5,5.44,
1446,2026-02-23,Guatemala,Guatemala,Zona 15,Sushi Ixchel,Comida asiática,Tarjeta,52.66,19.7,6.39,5.0
1114,2026-02-07,Quetzaltenango,Quetzaltenango,Zona 3,Sushi Ixchel,Comida asiática,Tarjeta,50.92,24.8,0.3,2.0
1288,2026-07-06,Quetzaltenango,Quetzaltenango,Zona 3,Pollo Real,Comida rápida,Tarjeta,45.96,37.3,2.18,4.0
1569,2026-07-13,Guatemala,Guatemala,Zona 1,Pupusas Doña Lupe,Comida típica,Transferencia,32.5,18.5,2.97,4.0
1498,2026-06-15,Guatemala,Guatemala,Zona 1,Café Chuwa,Cafetería,Transferencia,35.24,24.7,5.18,3.0
1551,2026-07-19,Guatemala,Mixco,Zona 4 de Mixco,Pollo Real,Comida rápida,Tarjeta,68.08,27.3,2.8,3.0
1321,2026-06-13,Guatemala,Villa Nueva,Centro,Pizza Volcán,Pizzería,Efectivo,39.34,25.6,2.16,5.0
1448,2026-08-03,Quetzaltenango,Quetzaltenango,Zona 3,Sushi Ixchel,Comida asiática,Tarjeta,40.24,31.9,3.54,5.0
1382,2026-07-28,Sacatepéquez,Antigua Guatemala,Centro Histórico,Café Chuwa,Cafetería,Efectivo,22.41,34.6,1.38,5.0
1463,2026-08-14,Sacatepéquez,Antigua Guatemala,Centro Histórico,Tacos El Chapín,Comida mexicana,Efectivo,39.29,27.5,2.27,3.0
1054,2026-03-02,Guatemala,Guatemala,Zona 10,Sushi Ixchel,Comida asiática,Tarjeta,46.59,26.1,0.3,5.0
1454,2026-08-11,Guatemala,Guatemala,Zona 1,Tacos El Chapín,Comida mexicana,Efectivo,42.41,33.2,2.73,2.0
1293,2026-01-21,Guatemala,Guatemala,Zona 1,Tacos El Chapín,Comida mexicana,Efectivo,23.27,41.5,2.24,4.0
1376,2026-01-31,Sacatepéquez,Antigua Guatemala,Centro Histórico,Pollo Real,Comida rápida,Tarjeta,28.67,15.1,3.86,5.0
1244,2026-06-19,Quetzaltenango,Quetzaltenango,Zona 3,Pupusas Doña Lupe,Comida típica,Tarjeta,69.93,24.7,0.35,2.0
1280,2026-01-13,Guatemala,Guatemala,Zona 1,Tacos El Chapín,Comida mexicana,Tarjeta,41.06,25.2,3.88,4.0
1024,2026-06-11,Sacatepéquez,Antigua Guatemala,Centro Histórico,Café Chuwa,Cafetería,Tarjeta,24.3,27.9,0.3,5.0
1410,2026-08-12,Guatemala,Mixco,Zona 4 de Mixco,Pollo Real,Comida rápida,Tarjeta,25.01,18.3,2.48,5.0
1517,2026-02-19,Guatemala,Guatemala,Zona 15,Sushi Ixchel,Comida asiática,Tarjeta,45.69,30.5,5.74,5.0
1479,2026-03-12,Guatemala,Villa Nueva,Centro,Tacos El Chapín,Comida mexicana,Transferencia,28.1,27.7,4.9,
1018,2026-08-28,Guatemala,Villa Nueva,Centro,Café Chuwa,Cafetería,Tarjeta,27.21,36.4,4.52,4.0
1377,2026-08-19,Sacatepéquez,Antigua Guatemala,Centro Histórico,Burger Xelajú,Comida rápida,Efectivo,32.44,25.7,3.7,5.0
1594,2026-01-24,Quetzaltenango,Quetzaltenango,Zona 3,Pupusas Doña Lupe,Comida típica,Tarjeta,396.31,25.5,5.47,3.0
1087,2026-08-21,Guatemala,Villa Nueva,Centro,Pollo Real,Comida rápida,Efectivo,31.92,23.0,3.27,4.0
1406,2026-07-02,Guatemala,Guatemala,Zona 10,Burger Xelajú,Comida rápida,Tarjeta,25.24,38.1,3.61,5.0
1243,2026-06-12,Guatemala,Guatemala,Zona 10,Pollo Real,Comida rápida,Efectivo,52.16,33.1,1.32,5.0
1536,2026-06-24,Sacatepéquez,Antigua Guatemala,Centro Histórico,Pollo Real,Comida rápida,Tarjeta,39.06,32.4,4.05,5.0
1521,2026-06-06,Guatemala,Mixco,Zona 4 de Mixco,Pollo Real,Comida rápida,Transferencia,37.8,34.1,3.63,4.0
1618,2026-08-17,Sacatepéquez,Antigua Guatemala,Centro Histórico,Tacos El Chapín,Comida mexicana,Tarjeta,31.1,33.5,0.3,4.0
1168,2026-07-13,Guatemala,Mixco,Zona 4 de Mixco,Café Chuwa,Cafetería,Tarjeta,46.42,30.1,2.72,4.0
1051,2026-07-20,Sacatepéquez,Antigua Guatemala,Centro Histórico,Pupusas Doña Lupe,Comida típica,Tarjeta,27.38,29.8,2.42,5.0
1373,2026-05-08,Guatemala,Guatemala,Zona 15,Sushi Ixchel,Comida asiática,Transferencia,42.02,32.3,1.82,5.0
1600,2026-06-29,Guatemala,Guatemala,Zona 15,Pollo Real,Comida rápida,Efectivo,46.08,41.9,4.43,4.0
1564,2026-06-04,Guatemala,Villa Nueva,Centro,Tacos El Chapín,Comida mexicana,Tarjeta,26.3,18.1,3.89,4.0
1186,2026-07-25,Guatemala,Guatemala,Zona 1,Pollo Real,Comida rápida,Transferencia,30.29,28.2,3.49,5.0
1303,2026-02-27,Guatemala,Villa Nueva,Centro,Sushi Ixchel,Comida asiática,Tarjeta,38.71,37.7,2.04,3.0
1193,2026-03-18,Guatemala,Mixco,Zona 4 de Mixco,Tacos El Chapín,Comida mexicana,Efectivo,43.18,23.4,3.5,2.0
1595,2026-01-25,Guatemala,Guatemala,Zona 1,Pupusas Doña Lupe,Comida típica,Efectivo,48.19,28.9,1.28,4.0
1030,2026-01-06,Guatemala,Guatemala,Zona 10,Café Chuwa,Cafetería,Tarjeta,37.39,16.6,1.16,3.0
1066,2026-02-24,Guatemala,Guatemala,Zona 15,Sushi Ixchel,Comida asiática,Tarjeta,49.07,22.1,3.91,5.0
1197,2026-06-06,Guatemala,Villa Nueva,Centro,Café Chuwa,Cafetería,Transferencia,46.96,27.0,4.79,5.0
1555,2026-08-15,Guatemala,Guatemala,Zona 10,Pollo Real,Comida rápida,Tarjeta,46.28,30.6,3.01,3.0
1071,2026-04-12,Sacatepéquez,Antigua Guatemala,Centro Histórico,Pupusas Doña Lupe,Comida típica,Transferencia,53.4,15.8,2.28,3.0
1442,2026-07-21,Sacatepéquez,Antigua Guatemala,Centro Histórico,Tacos El Chapín,Comida mexicana,Efectivo,463.48,27.0,3.27,3.0
1230,2026-02-23,Guatemala,Guatemala,Zona 15,Pupusas Doña Lupe,Comida típica,Efectivo,47.46,24.3,4.18,3.0
1371,2026-06-04,Guatemala,Mixco,Zona 4 de Mixco,Pizza Volcán,Pizzería,Tarjeta,25.22,30.0,1.85,4.0
1571,2026-06-07,Guatemala,Mixco,Zona 4 de Mixco,Pollo Real,Comida rápida,Efectivo,26.98,26.7,3.44,5.0
1317,2026-04-08,Quetzaltenango,Quetzaltenango,Zona 3,Burger Xelajú,Comida rápida,Tarjeta,32.63,28.2,4.34,4.0
1606,2026-07-18,Sacatepéquez,Antigua Guatemala,Centro Histórico,Pollo Real,Comida rápida,Tarjeta,20.04,42.0,5.12,4.0
1015,2026-06-10,Guatemala,Mixco,Zona 4 de Mixco,Pollo Real,Comida rápida,Tarjeta,35.02,32.8,1.71,4.0
1271,2026-02-27,Guatemala,Guatemala,Zona 1,Pizza Volcán,Pizzería,Tarjeta,14.2,29.0,5.82,4.0
1269,2026-01-06,Sacatepéquez,Antigua Guatemala,Centro Histórico,Pupusas Doña Lupe,Comida típica,Efectivo,41.16,38.7,0.74,1.0
1323,2026-08-31,Quetzaltenango,Quetzaltenango,Zona 3,Pollo Real,Comida rápida,Efectivo,31.41,37.2,3.0,
1350,2026-04-25,Guatemala,Guatemala,Zona 15,Pupusas Doña Lupe,Comida típica,Tarjeta,22.34,22.8,3.85,4.0
1355,2026-06-08,Guatemala,Villa Nueva,Centro,Pollo Real,Comida rápida,Tarjeta,33.35,25.1,4.66,5.0
1247,2026-08-27,Quetzaltenango,Quetzaltenango,Zona 3,Burger Xelajú,Comida rápida,Transferencia,34.37,23.4,7.49,5.0
1340,2026-08-30,Guatemala,Guatemala,Zona 1,Tacos El Chapín,Comida mexicana,Transferencia,29.85,19.8,1.93,2.0
1135,2026-04-03,Guatemala,Guatemala,Zona 15,Tacos El Chapín,Comida mexicana,Tarjeta,33.54,33.6,,5.0
1469,2026-08-07,Guatemala,Guatemala,Zona 10,Tacos El Chapín,Comida mexicana,Transferencia,60.73,36.2,4.2,4.0
1294,2026-01-04,Guatemala,Guatemala,Zona 15,Burger Xelajú,Comida rápida,Efectivo,23.49,30.2,3.38,5.0
1358,2026-06-20,Quetzaltenango,Quetzaltenango,Zona 3,Burger Xelajú,Comida rápida,Tarjeta,65.79,31.8,3.14,4.0
1485,2026-07-16,Sacatepéquez,Antigua Guatemala,Centro Histórico,Café Chuwa,Cafetería,Efectivo,43.12,38.7,3.43,
1617,2026-08-06,Quetzaltenango,Quetzaltenango,Zona 3,Tacos El Chapín,Comida mexicana,Tarjeta,30.84,16.2,4.21,2.0
1227,2026-04-29,Guatemala,Villa Nueva,Centro,Sushi Ixchel,Comida asiática,Tarjeta,39.98,16.1,2.11,5.0
1584,2026-07-25,Guatemala,Mixco,Zona 4 de Mixco,Sushi Ixchel,Comida asiática,Efectivo,57.86,37.8,2.88,4.0
1108,2026-05-13,Guatemala,Villa Nueva,Centro,Pollo Real,Comida rápida,Transferencia,39.89,24.2,4.0,4.0
1585,2026-08-06,Guatemala,Villa Nueva,Centro,Pollo Real,Comida rápida,Transferencia,56.55,39.6,1.84,4.0
1333,2026-08-15,Quetzaltenango,Quetzaltenango,Zona 3,Burger Xelajú,Comida rápida,Tarjeta,22.05,32.1,0.45,3.0
1104,2026-04-30,Sacatepéquez,Antigua Guatemala,Centro Histórico,Pupusas Doña Lupe,Comida típica,Tarjeta,19.28,32.8,3.3,5.0
1524,2026-03-26,Guatemala,Guatemala,Zona 10,Sushi Ixchel,Comida asiática,Transferencia,20.81,39.5,4.23,4.0
1357,2026-08-23,Guatemala,Guatemala,Zona 10,Pupusas Doña Lupe,Comida típica,Efectivo,23.0,29.5,1.63,1.0
1464,2026-05-16,Guatemala,Mixco,Zona 4 de Mixco,Pollo Real,Comida rápida,Efectivo,64.18,39.5,1.15,3.0
1264,2026-07-09,Guatemala,Mixco,Zona 4 de Mixco,Pollo Real,Comida rápida,Tarjeta,49.52,25.8,4.13,3.0
1304,2026-04-09,Guatemala,Villa Nueva,Centro,Café Chuwa,Cafetería,Efectivo,22.54,23.5,2.33,5.0
1241,2026-06-16,Guatemala,Villa Nueva,Centro,Sushi Ixchel,Comida asiática,Tarjeta,47.02,37.7,5.09,
1347,2026-08-03,Guatemala,Guatemala,Zona 1,Pizza Volcán,Pizzería,Tarjeta,36.23,39.1,0.82,5.0
1203,2026-02-23,Guatemala,Guatemala,Zona 15,Pupusas Doña Lupe,Comida típica,Efectivo,35.71,32.4,2.26,4.0
1559,2026-07-27,Guatemala,Guatemala,Zona 1,Pizza Volcán,Pizzería,Tarjeta,25.78,17.5,4.13,4.0
1083,2026-07-05,Guatemala,Guatemala,Zona 1,Café Chuwa,Cafetería,Efectivo,54.55,18.3,4.19,3.0
1118,2026-08-12,Quetzaltenango,Quetzaltenango,Zona 3,Pupusas Doña Lupe,Comida típica,Tarjeta,33.22,40.8,4.76,5.0
1475,2026-05-10,Guatemala,Guatemala,Zona 1,Pizza Volcán,Pizzería,Efectivo,26.06,33.2,2.0,
1166,2026-06-07,Guatemala,Guatemala,Zona 1,Burger Xelajú,Comida rápida,Tarjeta,63.78,30.9,3.47,4.0
1318,2026-04-20,Sacatepéquez,Antigua Guatemala,Centro Histórico,Tacos El Chapín,Comida mexicana,Efectivo,25.13,17.6,4.78,4.0
1189,2026-04-29,Guatemala,Mixco,Zona 4 de Mixco,Pizza Volcán,Pizzería,Tarjeta,24.65,15.3,2.78,5.0
1568,2026-02-24,Guatemala,Guatemala,Zona 15,Sushi Ixchel,Comida asiática,Tarjeta,30.01,-9.5,1.42,4.0
1529,2026-03-18,Guatemala,Guatemala,Zona 10,Sushi Ixchel,Comida asiática,Tarjeta,27.86,24.7,4.23,3.0
1092,2026-08-16,Guatemala,Guatemala,Zona 1,Tacos El Chapín,Comida mexicana,TARJETA,29.2,38.9,4.83,3.0
1261,2026-01-26,Guatemala,Guatemala,Zona 15,Café Chuwa,Cafetería,Tarjeta,32.7,17.2,3.0,4.0
1138,2026-03-11,Quetzaltenango,Quetzaltenango,Zona 3,Burger Xelajú,Comida rápida,Tarjeta,69.41,13.4,3.61,3.0
1056,2026-03-03,Quetzaltenango,Quetzaltenango,Zona 3,Café Chuwa,Cafetería,Transferencia,24.82,41.1,2.39,5.0
1493,2026-03-18,Quetzaltenango,Quetzaltenango,Zona 3,Tacos El Chapín,Comida mexicana,Tarjeta,20.94,27.4,2.38,5.0
1088,2026-02-16,Guatemala,Guatemala,Zona 15,Pollo Real,Comida rápida,Efectivo,85.62,28.2,4.99,4.0
1610,2026-04-14,Guatemala,Villa Nueva,Centro,Sushi Ixchel,Comida asiática,Efectivo,34.48,30.3,1.2,4.0
1354,2026-02-19,Sacatepéquez,Antigua Guatemala,Centro Histórico,Pupusas Doña Lupe,Comida típica,Tarjeta,29.35,36.0,1.33,4.0
1139,2026-05-24,Guatemala,Guatemala,Zona 1,Tacos El Chapín,Comida mexicana,Tarjeta,60.28,26.9,3.99,5.0
1404,2026-05-17,Guatemala,Villa Nueva,Centro,Sushi Ixchel,Comida asiática,Tarjeta,42.13,34.1,1.37,5.0
1296,2026-04-26,Guatemala,Guatemala,Zona 1,Sushi Ixchel,Comida asiática,Tarjeta,31.64,31.6,4.89,4.0
1023,2026-03-31,Guatemala,Guatemala,Zona 10,Pupusas Doña Lupe,Comida típica,Tarjeta,34.46,28.3,1.67,5.0
1164,2026-06-29,Guatemala,Guatemala,Zona 15,Burger Xelajú,Comida rápida,Efectivo,42.41,37.6,0.8,
1589,2026-05-01,Guatemala,Mixco,Zona 4 de Mixco,Sushi Ixchel,Comida asiática,Efectivo,28.96,23.7,2.32,4.0
1570,2026-05-26,Quetzaltenango,Quetzaltenango,Zona 3,Tacos El Chapín,Comida mexicana,Tarjeta,34.5,29.5,2.47,
1128,2026-03-23,Guatemala,Mixco,Zona 4 de Mixco,Café Chuwa,Cafetería,Tarjeta,20.76,25.9,0.71,5.0
1356,2026-04-24,Guatemala,Villa Nueva,Centro,Café Chuwa,Cafetería,Tarjeta,33.33,27.5,2.08,5.0
1240,2026-07-03,Guatemala,Villa Nueva,Centro,Café Chuwa,Cafetería,Transferencia,56.54,25.2,2.97,5.0
1329,2026-02-28,Guatemala,Guatemala,Zona 15,Pollo Real,Comida rápida,Efectivo,30.71,13.0,3.24,5.0
1435,2026-01-08,Guatemala,Villa Nueva,Centro,Café Chuwa,Cafetería,Tarjeta,49.35,25.0,2.83,5.0
1262,2026-04-27,Guatemala,Mixco,Zona 4 de Mixco,Pollo Real,Comida rápida,Tarjeta,39.04,27.9,3.61,5.0
1098,2026-04-28,Guatemala,Mixco,Zona 4 de Mixco,Pizza Volcán,Pizzería,Transferencia,49.44,28.9,2.68,2.0
1429,2026-04-04,Guatemala,Mixco,Zona 4 de Mixco,Pizza Volcán,Pizzería,Tarjeta,17.91,32.0,1.93,5.0
1457,2026-03-05,Guatemala,Guatemala,Zona 15,Pupusas Doña Lupe,Comida típica,Tarjeta,36.11,28.1,4.1,4.0
1548,2026-03-05,Guatemala,Guatemala,Zona 10,Pupusas Doña Lupe,Comida típica,Tarjeta,31.32,25.5,4.01,5.0
1450,2026-08-05,Guatemala,Villa Nueva,Centro,Burger Xelajú,Comida rápida,Transferencia,39.46,31.7,5.66,5.0
1202,2026-05-12,Guatemala,Villa Nueva,Centro,Pizza Volcán,Pizzería,Tarjeta,37.56,29.9,2.91,5.0
1003,2026-05-06,Sacatepéquez,Antigua Guatemala,Centro Histórico,Burger Xelajú,Comida rápida,Tarjeta,36.91,30.0,4.1,5.0
1381,2026-03-19,Guatemala,Guatemala,Zona 15,Tacos El Chapín,Comida mexicana,Tarjeta,32.29,38.1,4.47,2.0
1360,2026-03-28,Guatemala,Guatemala,Zona 15,Pupusas Doña Lupe,Comida típica,Tarjeta,32.84,17.6,4.98,5.0
1470,2026-04-06,Guatemala,Mixco,Zona 4 de Mixco,Tacos El Chapín,Comida mexicana,Efectivo,23.16,20.1,,2.0
1146,2026-04-02,Guatemala,Guatemala,Zona 15,Pupusas Doña Lupe,Comida típica,Tarjeta,23.86,26.2,2.81,5.0
1400,2026-05-11,Quetzaltenango,Quetzaltenango,Zona 3,Pizza Volcán,Pizzería,Tarjeta,47.46,30.5,2.81,5.0
1019,2026-08-03,Guatemala,Guatemala,Zona 15,Pizza Volcán,Pizzería,Tarjeta,31.54,38.3,4.21,4.0
1439,2026-03-09,Guatemala,Guatemala,Zona 1,Café Chuwa,Cafetería,Transferencia,52.36,28.8,4.06,4.0
1260,2026-05-11,Guatemala,Mixco,Zona 4 de Mixco,Burger Xelajú,Comida rápida,Tarjeta,17.82,32.8,5.05,5.0
1298,2026-02-23,Quetzaltenango,Quetzaltenango,Zona 3,Burger Xelajú,Comida rápida,Efectivo,34.68,22.6,4.49,5.0
1455,2026-03-19,Guatemala,Villa Nueva,Centro,Tacos El Chapín,Comida mexicana,Tarjeta,35.37,37.1,1.74,5.0
1389,2026-03-05,Guatemala,Guatemala,Zona 15,Tacos El Chapín,Comida mexicana,Tarjeta,29.95,27.2,3.75,5.0
1190,2026-03-09,Sacatepéquez,Antigua Guatemala,Centro Histórico,Café Chuwa,Cafetería,Tarjeta,38.42,28.7,4.72,4.0
1459,2026-03-28,Guatemala,Mixco,Zona 4 de Mixco,Sushi Ixchel,Comida asiática,Transferencia,35.39,32.0,4.47,3.0
1587,2026-08-22,Sacatepéquez,Antigua Guatemala,Centro Histórico,Pizza Volcán,Pizzería,Tarjeta,50.59,28.0,4.83,4.0
1196,2026-04-09,Guatemala,Villa Nueva,Centro,Tacos El Chapín,Comida mexicana,Efectivo,40.1,28.6,2.1,3.0
1140,2026-07-23,Guatemala,Guatemala,Zona 15,Tacos El Chapín,Comida mexicana,Efectivo,43.62,40.8,4.07,5.0
1082,2026-04-14,Guatemala,Guatemala,Zona 1,Café Chuwa,Cafetería,Tarjeta,45.52,17.5,2.95,3.0
1392,2026-05-26,Guatemala,Guatemala,Zona 1,Pupusas Doña Lupe,Comida típica,Tarjeta,34.64,30.3,2.26,5.0
1531,2026-06-14,Guatemala,Mixco,Zona 4 de Mixco,Burger Xelajú,Comida rápida,Tarjeta,36.92,26.5,3.36,4.0
1393,2026-05-27,Guatemala,Guatemala,Zona 1,Pupusas Doña Lupe,Comida típica,Transferencia,46.37,25.6,1.67,5.0
1084,2026-03-10,Guatemala,Villa Nueva,Centro,Sushi Ixchel,Comida asiática,Tarjeta,33.96,28.7,2.57,5.0
1565,2026-07-31,Quetzaltenango,Quetzaltenango,Zona 3,Pizza Volcán,Pizzería,Tarjeta,39.34,27.5,4.25,4.0
1586,2026-07-13,Guatemala,Mixco,Zona 4 de Mixco,Pizza Volcán,Pizzería,Transferencia,20.59,52.1,3.55,5.0
1179,2026-01-20,Guatemala,Guatemala,Zona 1,Tacos El Chapín,Comida mexicana,TARJETA,50.94,27.3,2.96,5.0
1099,2026-04-21,Guatemala,Guatemala,Zona 10,Café Chuwa,Cafetería,Tarjeta,26.65,25.5,4.6,1.0
1534,2026-03-23,Guatemala,Villa Nueva,Centro,Tacos El Chapín,Comida mexicana,Tarjeta,565.56,21.0,4.68,5.0
1074,2026-05-12,Guatemala,Mixco,Zona 4 de Mixco,Pupusas Doña Lupe,Comida típica,Tarjeta,62.14,26.3,3.81,5.0
1007,2026-03-05,Guatemala,Guatemala,Zona 10,Pizza Volcán,Pizzería,Tarjeta,85.27,49.1,5.47,5.0
1578,2026-04-23,Guatemala,Guatemala,Zona 1,Sushi Ixchel,Comida asiática,Tarjeta,33.29,31.5,2.87,3.0
1273,2026-03-10,Quetzaltenango,Quetzaltenango,Zona 3,Pupusas Doña Lupe,Comida típica,Tarjeta,86.37,28.4,3.79,2.0
1279,2026-06-29,Quetzaltenango,Quetzaltenango,Zona 3,Burger Xelajú,Comida rápida,Tarjeta,23.62,29.9,5.92,4.0
1154,2026-02-15,Sacatepéquez,Antigua Guatemala,Centro Histórico,Pollo Real,Comida rápida,Tarjeta,74.15,17.3,3.37,5.0
1460,2026-01-21,Quetzaltenango,Quetzaltenango,Zona 3,Tacos El Chapín,Comida mexicana,Tarjeta,88.37,21.9,1.43,2.0
1191,2026-05-06,Guatemala,Guatemala,Zona 15,Pupusas Doña Lupe,Comida típica,Tarjeta,31.02,41.1,4.63,5.0
1562,2026-02-10,Quetzaltenango,Quetzaltenango,Zona 3,Pupusas Doña Lupe,Comida típica,Efectivo,25.45,24.2,3.78,
1390,2026-01-15,Guatemala,Guatemala,Zona 15,Pizza Volcán,Pizzería,EFECTIVO,17.58,24.0,2.57,
1449,2026-02-20,Guatemala,Mixco,Zona 4 de Mixco,Pupusas Doña Lupe,Comida típica,Tarjeta,18.44,7.7,2.85,5.0
1050,2026-07-21,Guatemala,Guatemala,Zona 15,Pizza Volcán,Pizzería,Tarjeta,30.78,30.1,3.61,3.0
1038,2026-02-24,Guatemala,Villa Nueva,Centro,Café Chuwa,Cafetería,Tarjeta,43.75,19.1,1.63,1.0
1208,2026-08-17,Guatemala,Guatemala,Zona 10,Burger Xelajú,Comida rápida,Efectivo,29.31,32.1,0.3,5.0
1005,2026-05-25,Guatemala,Mixco,Zona 4 de Mixco,Café Chuwa,Cafetería,Tarjeta,50.87,27.4,2.56,4.0
1075,2026-07-04,Guatemala,Guatemala,Zona 15,Pollo Real,Comida rápida,EFECTIVO,24.33,32.2,3.64,5.0
1248,2026-01-30,Guatemala,Guatemala,Zona 10,Sushi Ixchel,Comida asiática,Tarjeta,40.2,17.7,0.82,5.0
1047,2026-01-13,Guatemala,Guatemala,Zona 10,Pupusas Doña Lupe,Comida típica,Tarjeta,35.36,19.7,,3.0
1302,2026-03-12,Guatemala,Guatemala,Zona 10,Sushi Ixchel,Comida asiática,Efectivo,42.84,31.4,4.44,5.0
1070,2026-07-30,Guatemala,Guatemala,Zona 1,Sushi Ixchel,Comida asiática,Tarjeta,40.82,31.8,2.95,4.0
1597,2026-06-02,Guatemala,Guatemala,Zona 15,Sushi Ixchel,Comida asiática,EFECTIVO,26.0,27.3,3.72,5.0
1602,2026-07-30,Sacatepéquez,Antigua Guatemala,Centro Histórico,Pollo Real,Comida rápida,Efectivo,23.74,38.8,6.77,5.0
1225,2026-07-19,Guatemala,Villa Nueva,Centro,Burger Xelajú,Comida rápida,Efectivo,30.61,23.4,4.65,5.0
1286,2026-03-05,Guatemala,Villa Nueva,Centro,Pupusas Doña Lupe,Comida típica,Efectivo,31.02,43.3,1.7,5.0
1011,2026-03-18,Quetzaltenango,Quetzaltenango,Zona 3,Tacos El Chapín,Comida mexicana,Efectivo,76.64,22.9,4.77,
1391,2026-04-28,Sacatepéquez,Antigua Guatemala,Centro Histórico,Pupusas Doña Lupe,Comida típica,Efectivo,39.85,36.5,3.79,4.0
1150,2026-07-08,Guatemala,Villa Nueva,Centro,Burger Xelajú,Comida rápida,Efectivo,41.38,39.9,2.71,5.0
1407,2026-06-05,Guatemala,Mixco,Zona 4 de Mixco,Pollo Real,Comida rápida,Tarjeta,60.53,20.4,2.66,5.0
1115,2026-05-11,Guatemala,Mixco,Zona 4 de Mixco,Pollo Real,Comida rápida,Tarjeta,45.47,41.0,1.74,5.0
1281,2026-06-21,Guatemala,Guatemala,Zona 15,Pizza Volcán,Pizzería,Efectivo,64.22,30.4,4.37,4.0
1253,2026-08-03,Guatemala,Villa Nueva,Centro,Pupusas Doña Lupe,Comida típica,Efectivo,34.48,32.2,1.72,3.0
1195,2026-07-03,Guatemala,Guatemala,Zona 10,Tacos El Chapín,Comida mexicana,Efectivo,20.9,31.8,2.55,5.0
1611,2026-02-04,Guatemala,Guatemala,Zona 10,Burger Xelajú,Comida rápida,Tarjeta,29.4,21.6,8.27,3.0
1065,2026-01-15,Guatemala,Guatemala,Zona 1,Café Chuwa,Cafetería,Efectivo,31.65,30.4,4.15,5.0
1399,2026-06-30,Guatemala,Guatemala,Zona 10,Sushi Ixchel,Comida asiática,Tarjeta,62.7,26.4,2.28,4.0
1415,2026-07-11,Sacatepéquez,Antigua Guatemala,Centro Histórico,Pupusas Doña Lupe,Comida típica,Tarjeta,29.27,22.2,3.53,5.0
1219,2026-02-09,Guatemala,Mixco,Zona 4 de Mixco,Tacos El Chapín,Comida mexicana,Transferencia,25.01,33.0,4.17,5.0
1506,2026-03-12,Guatemala,Guatemala,Zona 1,Pizza Volcán,Pizzería,Tarjeta,32.4,40.9,0.71,4.0
1069,2026-06-10,Quetzaltenango,Quetzaltenango,Zona 3,Pollo Real,Comida rápida,TARJETA,47.24,36.1,2.92,5.0
1093,2026-07-15,Guatemala,Guatemala,Zona 15,Pupusas Doña Lupe,Comida típica,Efectivo,53.24,37.4,2.59,4.0
1068,2026-08-01,Guatemala,Guatemala,Zona 10,Sushi Ixchel,Comida asiática,Efectivo,38.82,32.0,0.83,5.0
1021,2026-02-22,Guatemala,Villa Nueva,Centro,Tacos El Chapín,Comida mexicana,Tarjeta,72.77,32.9,5.71,5.0
1077,2026-03-12,Guatemala,Guatemala,Zona 15,Burger Xelajú,Comida rápida,Transferencia,47.87,30.0,0.3,5.0
1458,2026-08-07,Guatemala,Guatemala,Zona 10,Tacos El Chapín,Comida mexicana,Tarjeta,14.82,35.2,4.61,5.0
1445,2026-07-17,Guatemala,Guatemala,Zona 15,Pupusas Doña Lupe,Comida típica,Transferencia,28.7,36.9,6.62,3.0
1236,2026-07-30,Guatemala,Guatemala,Zona 1,Pupusas Doña Lupe,Comida típica,Efectivo,36.29,30.5,4.57,4.0
1432,2026-06-07,Guatemala,Villa Nueva,Centro,Pollo Real,Comida rápida,Tarjeta,49.46,27.2,5.43,5.0
1314,2026-02-17,Quetzaltenango,Quetzaltenango,Zona 3,Tacos El Chapín,Comida mexicana,Efectivo,23.37,24.1,3.01,5.0
1125,2026-06-10,Sacatepéquez,Antigua Guatemala,Centro Histórico,Pupusas Doña Lupe,Comida típica,EFECTIVO,35.76,37.9,3.28,4.0
1228,2026-04-06,Sacatepéquez,Antigua Guatemala,Centro Histórico,Tacos El Chapín,Comida mexicana,Efectivo,44.56,25.4,2.79,5.0
1427,2026-01-08,Sacatepéquez,Antigua Guatemala,Centro Histórico,Pollo Real,Comida rápida,Transferencia,22.27,35.6,4.52,5.0
1042,2026-08-07,Guatemala,Guatemala,Zona 10,Burger Xelajú,Comida rápida,Tarjeta,42.37,31.3,,1.0
1004,2026-02-10,Guatemala,Guatemala,Zona 10,Burger Xelajú,Comida rápida,Tarjeta,37.01,18.8,5.09,5.0
1473,2026-03-15,Guatemala,Villa Nueva,Centro,Burger Xelajú,Comida rápida,Tarjeta,30.23,35.2,3.8,5.0
1064,2026-05-21,Guatemala,Guatemala,Zona 15,Pizza Volcán,Pizzería,Transferencia,38.71,45.2,2.71,5.0
1502,2026-01-08,Guatemala,Mixco,Zona 4 de Mixco,Sushi Ixchel,Comida asiática,Tarjeta,28.19,19.3,0.84,5.0
1109,2026-08-17,Guatemala,Guatemala,Zona 1,Tacos El Chapín,Comida mexicana,Tarjeta,39.0,34.1,,5.0
1255,2026-07-12,Sacatepéquez,Antigua Guatemala,Centro Histórico,Pizza Volcán,Pizzería,Tarjeta,49.63,28.3,2.38,4.0
1434,2026-03-05,Quetzaltenango,Quetzaltenango,Zona 3,Burger Xelajú,Comida rápida,Transferencia,22.79,32.1,0.3,4.0
1374,2026-06-13,Guatemala,Villa Nueva,Centro,Café Chuwa,Cafetería,Tarjeta,25.66,29.7,2.89,5.0
1205,2026-02-05,Guatemala,Guatemala,Zona 1,Pupusas Doña Lupe,Comida típica,EFECTIVO,41.5,39.5,3.09,
1501,2026-08-09,Guatemala,Guatemala,Zona 1,Sushi Ixchel,Comida asiática,Efectivo,50.29,35.5,2.94,4.0
1147,2026-03-21,Guatemala,Villa Nueva,Centro,Café Chuwa,Cafetería,Efectivo,28.59,28.8,2.63,4.0
1006,2026-04-11,Guatemala,Guatemala,Zona 15,Pollo Real,Comida rápida,Tarjeta,26.07,37.1,4.03,5.0
1490,2026-06-08,Guatemala,Guatemala,Zona 15,Pollo Real,Comida rápida,Efectivo,21.49,34.1,4.82,2.0
1290,2026-06-01,Guatemala,Mixco,Zona 4 de Mixco,Burger Xelajú,Comida rápida,Tarjeta,39.94,18.8,3.06,5.0
1401,2026-04-30,Guatemala,Guatemala,Zona 10,Burger Xelajú,Comida rápida,Transferencia,29.32,22.4,3.87,5.0
1430,2026-02-28,Guatemala,Mixco,Zona 4 de Mixco,Burger Xelajú,Comida rápida,Efectivo,56.02,30.7,3.17,
1397,2026-04-16,Guatemala,Guatemala,Zona 10,Café Chuwa,Cafetería,Efectivo,27.25,17.3,3.47,4.0
1535,2026-04-17,Guatemala,Guatemala,Zona 15,Sushi Ixchel,Comida asiática,Tarjeta,39.41,25.9,2.01,4.0
1619,2026-06-12,Quetzaltenango,Quetzaltenango,Zona 3,Café Chuwa,Cafetería,Efectivo,47.59,26.1,2.3,5.0
1259,2026-02-13,Guatemala,Guatemala,Zona 1,Tacos El Chapín,Comida mexicana,Efectivo,57.49,46.8,2.01,5.0
1282,2026-02-28,Guatemala,Mixco,Zona 4 de Mixco,Café Chuwa,Cafetería,Tarjeta,29.69,27.5,2.48,5.0
1122,2026-03-15,Guatemala,Guatemala,Zona 10,Sushi Ixchel,Comida asiática,Efectivo,38.71,22.7,3.08,2.0
1078,2026-03-20,Guatemala,Villa Nueva,Centro,Café Chuwa,Cafetería,Efectivo,71.55,31.9,1.67,4.0
1599,2026-05-22,Guatemala,Guatemala,Zona 10,Café Chuwa,Cafetería,Tarjeta,35.6,27.6,2.74,5.0
1320,2026-05-08,Guatemala,Villa Nueva,Centro,Tacos El Chapín,Comida mexicana,Tarjeta,32.98,29.1,3.06,
1583,2026-06-30,Guatemala,Guatemala,Zona 15,Pollo Real,Comida rápida,Efectivo,29.8,31.9,3.73,5.0
1151,2026-07-18,Guatemala,Villa Nueva,Centro,Tacos El Chapín,Comida mexicana,Tarjeta,27.86,35.2,1.16,5.0
1375,2026-01-07,Guatemala,Guatemala,Zona 15,Sushi Ixchel,Comida asiática,Efectivo,36.66,26.3,,5.0
1299,2026-06-27,Sacatepéquez,Antigua Guatemala,Centro Histórico,Sushi Ixchel,Comida asiática,Efectivo,45.02,22.3,2.2,5.0
1556,2026-07-30,Guatemala,Mixco,Zona 4 de Mixco,Pizza Volcán,Pizzería,Efectivo,60.03,39.5,4.83,4.0
1163,2026-03-28,Guatemala,Mixco,Zona 4 de Mixco,Café Chuwa,Cafetería,Tarjeta,42.91,22.1,2.28,4.0
1513,2026-01-17,Sacatepéquez,Antigua Guatemala,Centro Histórico,Sushi Ixchel,Comida asiática,Efectivo,34.78,20.7,1.77,3.0
1396,2026-08-03,Guatemala,Mixco,Zona 4 de Mixco,Pollo Real,Comida rápida,Tarjeta,34.69,39.4,1.72,5.0
1325,2026-04-11,Guatemala,Mixco,Zona 4 de Mixco,Pupusas Doña Lupe,Comida típica,Tarjeta,39.0,35.2,2.75,
1403,2026-03-27,Guatemala,Villa Nueva,Centro,Pupusas Doña Lupe,Comida típica,Tarjeta,18.78,29.7,1.43,5.0
1265,2026-08-31,Guatemala,Guatemala,Zona 1,Pizza Volcán,Pizzería,Tarjeta,30.35,23.3,2.71,2.0
1542,2026-08-01,Guatemala,Villa Nueva,Centro,Café Chuwa,Cafetería,Transferencia,29.74,33.2,2.2,5.0
1492,2026-08-16,Guatemala,Villa Nueva,Centro,Café Chuwa,Cafetería,Efectivo,41.23,19.5,1.93,5.0
1516,2026-03-03,Guatemala,Villa Nueva,Centro,Pizza Volcán,Pizzería,Tarjeta,35.25,30.1,3.3,4.0
1301,2026-08-14,Sacatepéquez,Antigua Guatemala,Centro Histórico,Café Chuwa,Cafetería,Efectivo,43.54,21.9,2.7,2.0
1278,2026-05-20,Guatemala,Guatemala,Zona 15,Pizza Volcán,Pizzería,Tarjeta,21.66,30.0,,5.0
1143,2026-01-08,Guatemala,Guatemala,Zona 1,Burger Xelajú,Comida rápida,Efectivo,32.08,33.1,2.77,5.0
1533,2026-02-11,Quetzaltenango,Quetzaltenango,Zona 3,Burger Xelajú,Comida rápida,Transferencia,54.69,24.4,4.25,
1456,2026-05-03,Guatemala,Guatemala,Zona 15,Pollo Real,Comida rápida,Tarjeta,22.08,26.2,1.58,5.0
1199,2026-08-15,Guatemala,Guatemala,Zona 1,Tacos El Chapín,Comida mexicana,Tarjeta,31.65,30.9,1.37,2.0
1041,2026-08-01,Guatemala,Mixco,Zona 4 de Mixco,Tacos El Chapín,Comida mexicana,Efectivo,21.58,18.2,4.12,4.0
1443,2026-06-10,Sacatepéquez,Antigua Guatemala,Centro Histórico,Sushi Ixchel,Comida asiática,Tarjeta,35.87,41.3,0.49,4.0
1564,2026-06-04,Guatemala,Villa Nueva,Centro,Tacos El Chapín,Comida mexicana,Tarjeta,26.3,18.1,3.89,4.0
1509,2026-05-17,Guatemala,Guatemala,Zona 15,Pizza Volcán,Pizzería,Transferencia,25.24,25.3,0.3,5.0
1364,2026-08-13,Guatemala,Guatemala,Zona 10,Burger Xelajú,Comida rápida,Tarjeta,45.74,23.1,1.73,2.0
1231,2026-03-27,Guatemala,Guatemala,Zona 1,Tacos El Chapín,Comida mexicana,Tarjeta,44.6,35.2,2.74,3.0
1245,2026-01-17,Sacatepéquez,Antigua Guatemala,Centro Histórico,Pizza Volcán,Pizzería,Tarjeta,33.53,26.9,4.02,4.0
1313,2026-03-08,Guatemala,Guatemala,Zona 15,Pizza Volcán,Pizzería,Efectivo,43.72,25.0,2.85,5.0
1167,2026-05-11,Guatemala,Villa Nueva,Centro,Sushi Ixchel,Comida asiática,Efectivo,51.03,27.6,3.14,3.0
1332,2026-01-05,Guatemala,Villa Nueva,Centro,Burger Xelajú,Comida rápida,Efectivo,16.02,26.8,4.65,2.0
1514,2026-01-19,Guatemala,Guatemala,Zona 15,Pupusas Doña Lupe,Comida típica,Efectivo,38.5,17.9,2.95,5.0
1141,2026-06-20,Guatemala,Guatemala,Zona 10,Pizza Volcán,Pizzería,Tarjeta,47.67,32.9,0.55,4.0
1263,2026-01-11,Guatemala,Villa Nueva,Centro,Pizza Volcán,Pizzería,Tarjeta,32.92,29.5,4.02,5.0
1426,2026-04-19,Guatemala,Guatemala,Zona 10,Tacos El Chapín,Comida mexicana,Efectivo,43.83,31.4,2.77,3.0
1029,2026-06-29,Guatemala,Guatemala,Zona 1,Burger Xelajú,Comida rápida,Tarjeta,37.27,6.0,3.98,4.0
1238,2026-03-01,Guatemala,Villa Nueva,Centro,Tacos El Chapín,Comida mexicana,Tarjeta,39.88,34.0,1.04,4.0
1250,2026-06-09,Guatemala,Villa Nueva,Centro,Burger Xelajú,Comida rápida,Transferencia,79.55,22.1,1.97,1.0
1162,2026-07-19,Sacatepéquez,Antigua Guatemala,Centro Histórico,Pizza Volcán,Pizzería,Efectivo,30.91,30.3,4.42,5.0
1149,2026-01-30,Guatemala,Guatemala,Zona 10,Tacos El Chapín,Comida mexicana,Efectivo,45.76,23.0,4.34,5.0
1226,2026-04-16,Sacatepéquez,Antigua Guatemala,Centro Histórico,Pupusas Doña Lupe,Comida típica,Tarjeta,27.76,28.0,4.59,5.0
1353,2026-01-02,Sacatepéquez,Antigua Guatemala,Centro Histórico,Burger Xelajú,Comida rápida,Tarjeta,25.68,22.8,2.85,5.0
1544,2026-02-28,Guatemala,Mixco,Zona 4 de Mixco,Pizza Volcán,Pizzería,Efectivo,29.82,23.9,3.16,5.0
1094,2026-02-13,Guatemala,Guatemala,Zona 15,Tacos El Chapín,Comida mexicana,Transferencia,19.51,25.2,3.55,3.0
1440,2026-08-20,Guatemala,Guatemala,Zona 10,Café Chuwa,Cafetería,Transferencia,66.0,37.2,1.89,3.0
1291,2026-01-18,Sacatepéquez,Antigua Guatemala,Centro Histórico,Café Chuwa,Cafetería,Efectivo,38.76,23.6,2.02,3.0
1221,2026-04-15,Guatemala,Mixco,Zona 4 de Mixco,Burger Xelajú,Comida rápida,Efectivo,29.71,33.9,4.84,5.0
1085,2026-02-24,Guatemala,Mixco,Zona 4 de Mixco,Pizza Volcán,Pizzería,TARJETA,63.66,28.6,4.38,2.0
1388,2026-04-28,Guatemala,Mixco,Zona 4 de Mixco,Burger Xelajú,Comida rápida,Efectivo,66.79,30.7,2.95,2.0
1187,2026-05-23,Guatemala,Mixco,Zona 4 de Mixco,Burger Xelajú,Comida rápida,Efectivo,63.39,48.6,3.67,3.0
1089,2026-05-24,Guatemala,Guatemala,Zona 15,Café Chuwa,Cafetería,Efectivo,44.2,29.8,2.81,5.0
1522,2026-01-05,Quetzaltenango,Quetzaltenango,Zona 3,Sushi Ixchel,Comida asiática,Tarjeta,44.69,35.3,,5.0
1034,2026-02-07,Guatemala,Mixco,Zona 4 de Mixco,Sushi Ixchel,Comida asiática,Efectivo,27.62,22.7,1.03,5.0
1217,2026-08-23,Guatemala,Guatemala,Zona 1,Café Chuwa,Cafetería,Tarjeta,38.3,32.1,6.39,5.0
1072,2026-07-31,Guatemala,Guatemala,Zona 10,Burger Xelajú,Comida rápida,Efectivo,46.05,24.2,0.57,5.0
1305,2026-08-27,Guatemala,Mixco,Zona 4 de Mixco,Pizza Volcán,Pizzería,Tarjeta,29.57,32.7,2.82,5.0
1220,2026-01-07,Guatemala,Villa Nueva,Centro,Pizza Volcán,Pizzería,Efectivo,43.93,32.8,0.3,3.0
1467,2026-08-18,Quetzaltenango,Quetzaltenango,Zona 3,Café Chuwa,Cafetería,Tarjeta,22.86,30.6,1.0,5.0
1588,2026-08-19,Guatemala,Mixco,Zona 4 de Mixco,Tacos El Chapín,Comida mexicana,Efectivo,38.81,22.5,5.76,4.0
1395,2026-02-15,Guatemala,Guatemala,Zona 15,Pupusas Doña Lupe,Comida típica,Tarjeta,48.48,15.3,4.97,4.0
1394,2026-05-29,Sacatepéquez,Antigua Guatemala,Centro Histórico,Burger Xelajú,Comida rápida,Tarjeta,46.03,31.5,2.35,5.0
1110,2026-06-18,Guatemala,Guatemala,Zona 15,Pollo Real,Comida rápida,Tarjeta,51.94,29.7,4.4,5.0
1367,2026-04-04,Quetzaltenango,Quetzaltenango,Zona 3,Tacos El Chapín,Comida mexicana,Tarjeta,45.85,27.5,2.37,4.0
1412,2026-06-08,Guatemala,Mixco,Zona 4 de Mixco,Sushi Ixchel,Comida asiática,Efectivo,29.68,40.3,4.18,2.0
1012,2026-01-25,Guatemala,Villa Nueva,Centro,Pollo Real,Comida rápida,Efectivo,32.72,37.7,2.19,4.0
1343,2026-06-29,Guatemala,Guatemala,Zona 10,Pupusas Doña Lupe,Comida típica,Efectivo,37.02,50.8,5.83,3.0
1198,2026-02-11,Guatemala,Guatemala,Zona 1,Tacos El Chapín,Comida mexicana,Efectivo,25.79,38.7,6.25,5.0
1213,2026-07-16,Guatemala,Villa Nueva,Centro,Pollo Real,Comida rápida,Efectivo,34.19,25.2,2.24,5.0
1590,2026-01-19,Quetzaltenango,Quetzaltenango,Zona 3,Pupusas Doña Lupe,Comida típica,Tarjeta,40.2,30.6,2.37,4.0
1234,2026-07-09,Guatemala,Guatemala,Zona 10,Pollo Real,Comida rápida,Efectivo,50.73,35.9,2.75,5.0
1582,2026-01-15,Guatemala,Villa Nueva,Centro,Sushi Ixchel,Comida asiática,Efectivo,40.14,28.8,3.61,5.0
1420,2026-01-30,Guatemala,Guatemala,Zona 1,Pupusas Doña Lupe,Comida típica,Transferencia,27.13,29.5,2.5,5.0
1431,2026-02-21,Quetzaltenango,Quetzaltenango,Zona 3,Tacos El Chapín,Comida mexicana,Efectivo,36.35,22.1,1.8,5.0
1526,2026-06-26,Guatemala,Guatemala,Zona 10,Café Chuwa,Cafetería,Tarjeta,56.22,25.7,5.09,4.0
1216,2026-01-31,Guatemala,Mixco,Zona 4 de Mixco,Tacos El Chapín,Comida mexicana,Tarjeta,25.0,32.1,2.91,5.0
1096,2026-04-20,Guatemala,Guatemala,Zona 15,Pollo Real,Comida rápida,Tarjeta,53.28,31.6,1.22,4.0
1461,2026-06-01,Guatemala,Mixco,Zona 4 de Mixco,Pizza Volcán,Pizzería,Transferencia,40.73,32.8,3.81,4.0
1539,2026-08-10,Quetzaltenango,Quetzaltenango,Zona 3,Pupusas Doña Lupe,Comida típica,Tarjeta,23.57,17.6,4.6,3.0
1297,2026-07-24,Guatemala,Guatemala,Zona 1,Sushi Ixchel,Comida asiática,Efectivo,60.03,27.8,1.46,4.0
1063,2026-04-06,Guatemala,Mixco,Zona 4 de Mixco,Pollo Real,Comida rápida,Tarjeta,62.05,29.6,3.86,5.0
1222,2026-04-24,Sacatepéquez,Antigua Guatemala,Centro Histórico,Sushi Ixchel,Comida asiática,Efectivo,23.51,29.9,4.03,4.0
1452,2026-03-31,Guatemala,Villa Nueva,Centro,Pupusas Doña Lupe,Comida típica,Tarjeta,61.69,27.9,3.74,5.0
1095,2026-07-06,Guatemala,Guatemala,Zona 1,Tacos El Chapín,Comida mexicana,Transferencia,45.51,21.8,2.94,5.0
1013,2026-04-29,Guatemala,Mixco,Zona 4 de Mixco,Burger Xelajú,Comida rápida,TRANSFERENCIA,40.97,29.6,1.47,3.0
1327,2026-07-26,Guatemala,Guatemala,Zona 1,Burger Xelajú,Comida rápida,Efectivo,61.6,33.6,3.47,3.0
1435,2026-01-08,Guatemala,Villa Nueva,Centro,Café Chuwa,Cafetería,Tarjeta,49.35,25.0,2.83,5.0
1017,2026-06-02,Guatemala,Mixco,Zona 4 de Mixco,Pupusas Doña Lupe,Comida típica,Efectivo,59.83,25.4,0.3,4.0
1532,2026-03-04,Guatemala,Villa Nueva,Centro,Sushi Ixchel,Comida asiática,Tarjeta,45.49,28.6,1.28,4.0
1246,2026-03-15,Guatemala,Guatemala,Zona 15,Café Chuwa,Cafetería,Efectivo,42.24,29.0,0.96,5.0
1554,2026-04-07,Guatemala,Guatemala,Zona 1,Pizza Volcán,Pizzería,Transferencia,48.3,20.1,0.91,3.0
1348,2026-02-19,Guatemala,Guatemala,Zona 15,Café Chuwa,Cafetería,Efectivo,22.64,35.6,5.19,4.0
1207,2026-06-24,Guatemala,Guatemala,Zona 1,Pupusas Doña Lupe,Comida típica,Efectivo,34.9,25.8,5.06,4.0
1090,2026-03-07,Quetzaltenango,Quetzaltenango,Zona 3,Burger Xelajú,Comida rápida,Tarjeta,34.32,27.8,2.77,
1307,2026-04-14,Guatemala,Guatemala,Zona 1,Café Chuwa,Cafetería,Efectivo,29.84,20.8,3.02,5.0
1341,2026-08-12,Guatemala,Guatemala,Zona 15,Sushi Ixchel,Comida asiática,Tarjeta,41.41,33.5,3.42,4.0
1380,2026-03-04,Guatemala,Villa Nueva,Centro,Pizza Volcán,Pizzería,Efectivo,27.19,11.9,,4.0
1417,2026-03-21,Guatemala,Mixco,Zona 4 de Mixco,Burger Xelajú,Comida rápida,Efectivo,47.59,25.2,3.11,5.0
1344,2026-02-27,Guatemala,Guatemala,Zona 10,Sushi Ixchel,Comida asiática,Transferencia,56.64,7.0,1.7,1.0
1471,2026-04-06,Guatemala,Guatemala,Zona 15,Pizza Volcán,Pizzería,Efectivo,31.31,19.9,4.15,5.0
1505,2026-07-23,Guatemala,Guatemala,Zona 15,Sushi Ixchel,Comida asiática,Efectivo,97.87,32.7,4.67,5.0
1351,2026-02-19,Guatemala,Mixco,Zona 4 de Mixco,Burger Xelajú,Comida rápida,Tarjeta,14.93,37.4,0.53,4.0
1612,2026-06-10,Quetzaltenango,Quetzaltenango,Zona 3,Pollo Real,Comida rápida,Efectivo,30.8,40.6,3.22,4.0
1039,2026-06-29,Quetzaltenango,Quetzaltenango,Zona 3,Burger Xelajú,Comida rápida,Tarjeta,38.33,33.6,4.51,4.0
1086,2026-01-22,Sacatepéquez,Antigua Guatemala,Centro Histórico,Sushi Ixchel,Comida asiática,Tarjeta,17.95,25.1,1.13,4.0
1181,2026-04-03,Sacatepéquez,Antigua Guatemala,Centro Histórico,Sushi Ixchel,Comida asiática,Efectivo,24.32,132.5,2.47,2.0
1032,2026-01-24,Guatemala,Guatemala,Zona 10,Sushi Ixchel,Comida asiática,Transferencia,48.2,23.4,4.3,5.0
1591,2026-06-30,Quetzaltenango,Quetzaltenango,Zona 3,Tacos El Chapín,Comida mexicana,Efectivo,37.42,41.3,3.54,1.0
1145,2026-08-24,Sacatepéquez,Antigua Guatemala,Centro Histórico,Pollo Real,Comida rápida,Transferencia,19.0,32.7,2.79,2.0
1158,2026-07-25,Guatemala,Guatemala,Zona 1,Pizza Volcán,Pizzería,Transferencia,58.24,193.3,3.55,4.0
1172,2026-06-28,Guatemala,Mixco,Zona 4 de Mixco,Pollo Real,Comida rápida,Efectivo,41.35,30.5,3.37,4.0
1537,2026-01-06,Guatemala,Guatemala,Zona 10,Tacos El Chapín,Comida mexicana,Efectivo,33.02,32.9,5.57,
1616,2026-02-10,Guatemala,Villa Nueva,Centro,Burger Xelajú,Comida rápida,Efectivo,24.78,17.5,1.59,3.0
1408,2026-07-20,Quetzaltenango,Quetzaltenango,Zona 3,Pupusas Doña Lupe,Comida típica,Tarjeta,23.8,28.7,3.0,5.0
1527,2026-02-15,Guatemala,Mixco,Zona 4 de Mixco,Pollo Real,Comida rápida,Efectivo,22.0,43.7,4.09,5.0
1573,2026-03-07,Sacatepéquez,Antigua Guatemala,Centro Histórico,Sushi Ixchel,Comida asiática,Transferencia,29.71,30.8,5.24,5.0
1200,2026-03-11,Guatemala,Guatemala,Zona 15,Tacos El Chapín,Comida mexicana,Efectivo,22.54,33.9,1.63,5.0
1292,2026-02-05,Guatemala,Villa Nueva,Centro,Burger Xelajú,Comida rápida,Efectivo,55.74,19.8,2.5,5.0
1549,2026-05-20,Quetzaltenango,Quetzaltenango,Zona 3,Pizza Volcán,Pizzería,Tarjeta,32.62,37.7,2.55,4.0
1510,2026-06-22,Guatemala,Villa Nueva,Centro,Café Chuwa,Cafetería,Efectivo,25.95,26.7,4.75,3.0
1580,2026-01-05,Sacatepéquez,Antigua Guatemala,Centro Histórico,Sushi Ixchel,Comida asiática,Efectivo,35.34,29.9,3.7,5.0
1577,2026-02-03,Guatemala,Guatemala,Zona 1,Pollo Real,Comida rápida,Tarjeta,40.04,27.7,1.98,4.0
1615,2026-02-17,Guatemala,Guatemala,Zona 1,Café Chuwa,Cafetería,Tarjeta,61.72,19.9,1.01,5.0
1489,2026-01-06,Guatemala,Mixco,Zona 4 de Mixco,Tacos El Chapín,Comida mexicana,Tarjeta,35.62,30.9,1.38,5.0
1557,2026-05-03,Quetzaltenango,Quetzaltenango,Zona 3,Café Chuwa,Cafetería,Efectivo,72.07,31.6,1.04,5.0
1553,2026-01-02,Quetzaltenango,Quetzaltenango,Zona 3,Pollo Real,Comida rápida,Tarjeta,57.33,28.3,6.56,5.0
1133,2026-04-23,Quetzaltenango,Quetzaltenango,Zona 3,Pupusas Doña Lupe,Comida típica,Tarjeta,66.8,39.1,2.47,5.0
1060,2026-08-03,Guatemala,Guatemala,Zona 10,Tacos El Chapín,Comida mexicana,Tarjeta,44.26,26.9,2.87,5.0
1026,2026-04-20,Guatemala,Mixco,Zona 4 de Mixco,Tacos El Chapín,Comida mexicana,Transferencia,25.59,36.8,3.7,3.0
1100,2026-07-24,Guatemala,Guatemala,Zona 1,Tacos El Chapín,Comida mexicana,Transferencia,28.8,29.8,2.48,4.0
1520,2026-04-12,Guatemala,Guatemala,Zona 10,Burger Xelajú,Comida rápida,Efectivo,35.6,28.1,3.07,5.0
1363,2026-07-11,Guatemala,Guatemala,Zona 10,Sushi Ixchel,Comida asiática,Tarjeta,52.41,22.6,2.29,4.0
1309,2026-06-25,Guatemala,Mixco,Zona 4 de Mixco,Pupusas Doña Lupe,Comida típica,Tarjeta,22.5,28.5,1.46,4.0
1252,2026-03-07,Guatemala,Mixco,Zona 4 de Mixco,Tacos El Chapín,Comida mexicana,Tarjeta,31.6,31.9,3.12,5.0
1481,2026-04-04,Guatemala,Guatemala,Zona 15,Pupusas Doña Lupe,Comida típica,Tarjeta,37.42,35.9,3.51,4.0
1441,2026-04-11,Guatemala,Guatemala,Zona 15,Pollo Real,Comida rápida,Efectivo,51.46,17.2,3.94,5.0
1476,2026-03-19,Guatemala,Guatemala,Zona 15,Café Chuwa,Cafetería,Efectivo,69.01,196.5,4.51,4.0
1022,2026-01-11,Guatemala,Guatemala,Zona 1,Tacos El Chapín,Comida mexicana,Efectivo,35.94,28.5,1.87,4.0
1062,2026-04-02,Guatemala,Villa Nueva,Centro,Burger Xelajú,Comida rápida,Efectivo,37.34,142.3,1.06,4.0
1148,2026-08-23,Guatemala,Mixco,Zona 4 de Mixco,Café Chuwa,Cafetería,Efectivo,29.81,29.9,2.13,2.0
1483,2026-04-01,Sacatepéquez,Antigua Guatemala,Centro Histórico,Pupusas Doña Lupe,Comida típica,Efectivo,36.01,30.7,2.42,3.0
1572,2026-02-27,Guatemala,Guatemala,Zona 10,Pollo Real,Comida rápida,Tarjeta,43.91,20.5,1.77,3.0
1257,2026-07-13,Quetzaltenango,Quetzaltenango,Zona 3,Pupusas Doña Lupe,Comida típica,Tarjeta,28.21,36.5,3.54,5.0
1052,2026-05-23,Guatemala,Guatemala,Zona 10,Tacos El Chapín,Comida mexicana,Efectivo,27.07,22.3,2.58,5.0
1242,2026-03-06,Quetzaltenango,Quetzaltenango,Zona 3,Pollo Real,Comida rápida,Tarjeta,54.27,24.0,0.73,3.0
1173,2026-03-15,Guatemala,Guatemala,Zona 15,Tacos El Chapín,Comida mexicana,Tarjeta,32.63,32.5,2.1,
1035,2026-08-04,Guatemala,Mixco,Zona 4 de Mixco,Sushi Ixchel,Comida asiática,Efectivo,32.91,27.3,3.72,4.0
1178,2026-02-07,Guatemala,Mixco,Zona 4 de Mixco,Café Chuwa,Cafetería,Efectivo,35.34,22.0,2.02,
1120,2026-02-20,Sacatepéquez,Antigua Guatemala,Centro Histórico,Pollo Real,Comida rápida,Tarjeta,31.94,37.8,1.9,
1275,2026-04-19,Guatemala,Guatemala,Zona 1,Tacos El Chapín,Comida mexicana,Transferencia,52.25,39.1,2.42,5.0
1044,2026-02-06,Sacatepéquez,Antigua Guatemala,Centro Histórico,Pizza Volcán,Pizzería,Efectivo,35.25,28.8,1.22,4.0
1300,2026-07-17,Guatemala,Villa Nueva,Centro,Pollo Real,Comida rápida,Transferencia,26.12,43.0,4.81,5.0
1076,2026-03-16,Guatemala,Guatemala,Zona 1,Pizza Volcán,Pizzería,Tarjeta,58.56,21.8,1.65,5.0
1368,2026-01-26,Guatemala,Guatemala,Zona 1,Burger Xelajú,Comida rápida,Tarjeta,36.99,34.8,1.45,4.0
1212,2026-07-29,Guatemala,Villa Nueva,Centro,Café Chuwa,Cafetería,Tarjeta,46.9,9.6,1.34,5.0
1267,2026-08-18,Guatemala,Villa Nueva,Centro,Burger Xelajú,Comida rápida,Efectivo,44.13,45.6,3.19,5.0
1311,2026-02-26,Quetzaltenango,Quetzaltenango,Zona 3,Burger Xelajú,Comida rápida,Transferencia,16.93,32.0,1.57,4.0
1444,2026-02-27,Guatemala,Guatemala,Zona 1,Pollo Real,Comida rápida,Transferencia,30.46,19.6,1.38,3.0
1503,2026-03-13,Guatemala,Guatemala,Zona 10,Pupusas Doña Lupe,Comida típica,Tarjeta,31.23,40.9,2.99,5.0
1495,2026-02-13,Quetzaltenango,Quetzaltenango,Zona 3,Café Chuwa,Cafetería,Efectivo,25.91,28.6,3.72,5.0
1033,2026-03-07,Guatemala,Guatemala,Zona 1,Tacos El Chapín,Comida mexicana,Tarjeta,39.61,138.4,1.7,1.0
1009,2026-05-21,Sacatepéquez,Antigua Guatemala,Centro Histórico,Burger Xelajú,Comida rápida,Efectivo,32.96,24.2,1.8,5.0
1160,2026-06-22,Sacatepéquez,Antigua Guatemala,Centro Histórico,Burger Xelajú,Comida rápida,Tarjeta,45.42,38.0,1.58,5.0
1285,2026-08-29,Guatemala,Guatemala,Zona 1,Pupusas Doña Lupe,Comida típica,Transferencia,59.75,18.5,1.94,5.0
1295,2026-04-21,Guatemala,Guatemala,Zona 15,Pupusas Doña Lupe,Comida típica,Efectivo,35.71,22.7,3.73,5.0
1277,2026-04-04,Guatemala,Villa Nueva,Centro,Pollo Real,Comida rápida,Tarjeta,46.06,19.4,4.08,5.0
1574,2026-01-22,Guatemala,Guatemala,Zona 1,Tacos El Chapín,Comida mexicana,Tarjeta,51.83,19.1,3.07,5.0
1484,2026-02-28,Guatemala,Villa Nueva,Centro,Pupusas Doña Lupe,Comida típica,Transferencia,40.7,27.4,4.26,3.0
1496,2026-07-23,Guatemala,Guatemala,Zona 1,Burger Xelajú,Comida rápida,Tarjeta,37.57,32.5,5.77,3.0
1182,2026-08-20,Guatemala,Villa Nueva,Centro,Café Chuwa,Cafetería,Tarjeta,42.78,16.4,3.81,4.0
1601,2026-07-13,Guatemala,Mixco,Zona 4 de Mixco,Burger Xelajú,Comida rápida,Transferencia,53.34,181.3,0.3,5.0
1036,2026-01-03,Quetzaltenango,Quetzaltenango,Zona 3,Café Chuwa,Cafetería,Tarjeta,32.5,25.5,5.47,
1156,2026-08-10,Sacatepéquez,Antigua Guatemala,Centro Histórico,Pizza Volcán,Pizzería,Efectivo,457.99,36.9,3.78,2.0
1002,2026-05-27,Sacatepéquez,Antigua Guatemala,Centro Histórico,Pollo Real,Comida rápida,Tarjeta,34.76,34.9,3.02,5.0
1508,2026-05-31,Guatemala,Mixco,Zona 4 de Mixco,Burger Xelajú,Comida rápida,Transferencia,54.69,36.0,1.63,5.0
1497,2026-08-15,Guatemala,Guatemala,Zona 1,Pollo Real,Comida rápida,Efectivo,31.57,30.8,0.3,5.0
1308,2026-07-22,Sacatepéquez,Antigua Guatemala,Centro Histórico,Pollo Real,Comida rápida,Efectivo,60.05,35.3,4.18,4.0
1289,2026-02-08,Guatemala,Guatemala,Zona 1,Café Chuwa,Cafetería,Efectivo,21.94,20.2,3.0,4.0
1560,2026-02-15,Guatemala,Villa Nueva,Centro,Burger Xelajú,Comida rápida,Tarjeta,34.6,31.3,2.09,5.0
1414,2026-07-25,Guatemala,Mixco,Zona 4 de Mixco,Sushi Ixchel,Comida asiática,Tarjeta,47.8,34.3,3.97,
1421,2026-05-01,Guatemala,Guatemala,Zona 10,Café Chuwa,Cafetería,Transferencia,31.01,20.0,2.43,3.0
1141,2026-06-20,Guatemala,Guatemala,Zona 10,Pizza Volcán,Pizzería,Tarjeta,47.67,32.9,0.55,4.0
1223,2026-01-26,Guatemala,Guatemala,Zona 15,Sushi Ixchel,Comida asiática,Efectivo,30.65,20.0,0.3,2.0
1183,2026-02-23,Sacatepéquez,Antigua Guatemala,Centro Histórico,Café Chuwa,Cafetería,Transferencia,40.0,33.2,3.54,5.0
1592,2026-02-26,Quetzaltenango,Quetzaltenango,Zona 3,Café Chuwa,Cafetería,Tarjeta,27.29,20.8,2.96,1.0
1511,2026-04-22,Sacatepéquez,Antigua Guatemala,Centro Histórico,Café Chuwa,Cafetería,Tarjeta,36.68,22.2,2.96,5.0
1117,2026-05-17,Quetzaltenango,Quetzaltenango,Zona 3,Tacos El Chapín,Comida mexicana,Tarjeta,46.14,146.8,2.31,3.0
1001,2026-06-05,Sacatepéquez,Antigua Guatemala,Centro Histórico,Pupusas Doña Lupe,Comida típica,Tarjeta,36.99,36.1,3.92,4.0
1113,2026-07-29,Quetzaltenango,Quetzaltenango,Zona 3,Pollo Real,Comida rápida,Tarjeta,79.93,31.5,3.14,3.0
1604,2026-07-03,Guatemala,Guatemala,Zona 15,Tacos El Chapín,Comida mexicana,Efectivo,26.52,28.6,4.83,4.0
1165,2026-03-14,Guatemala,Guatemala,Zona 10,Sushi Ixchel,Comida asiática,Efectivo,42.6,18.8,5.22,3.0
1184,2026-02-09,Guatemala,Guatemala,Zona 1,Pizza Volcán,Pizzería,Transferencia,27.17,25.2,1.32,4.0
1372,2026-02-08,Guatemala,Guatemala,Zona 10,Café Chuwa,Cafetería,Efectivo,37.21,23.6,2.02,4.0
1274,2026-01-09,Guatemala,Guatemala,Zona 15,Tacos El Chapín,Comida mexicana,Tarjeta,34.05,25.7,2.2,2.0
1000,2026-07-27,Guatemala,Guatemala,Zona 10,Pollo Real,Comida rápida,Tarjeta,65.25,35.5,2.79,3.0
1566,2026-02-01,Quetzaltenango,Quetzaltenango,Zona 3,Burger Xelajú,Comida rápida,Tarjeta,43.3,21.7,3.4,3.0
1540,2026-01-01,Guatemala,Guatemala,Zona 10,Sushi Ixchel,Comida asiática,Efectivo,29.42,23.4,1.65,5.0
1500,2026-01-27,Sacatepéquez,Antigua Guatemala,Centro Histórico,Pupusas Doña Lupe,Comida típica,Tarjeta,27.35,40.7,3.42,5.0
1383,2026-05-20,Guatemala,Villa Nueva,Centro,Tacos El Chapín,Comida mexicana,Efectivo,43.21,153.3,1.73,1.0
1405,2026-08-14,Guatemala,Guatemala,Zona 10,Tacos El Chapín,Comida mexicana,Efectivo,25.01,35.3,3.98,5.0
1561,2026-03-31,Sacatepéquez,Antigua Guatemala,Centro Histórico,Sushi Ixchel,Comida asiática,Tarjeta,50.1,24.6,2.41,2.0
1020,2026-04-24,Quetzaltenango,Quetzaltenango,Zona 3,Pollo Real,Comida rápida,Tarjeta,24.02,12.7,1.66,4.0
1176,2026-03-26,Guatemala,Guatemala,Zona 10,Tacos El Chapín,Comida mexicana,Efectivo,26.05,18.9,1.36,4.0
1335,2026-01-05,Guatemala,Villa Nueva,Centro,Tacos El Chapín,Comida mexicana,Tarjeta,29.2,33.3,1.98,5.0
1379,2026-01-22,Guatemala,Guatemala,Zona 15,Café Chuwa,Cafetería,Tarjeta,46.42,25.2,1.09,5.0
1545,2026-06-13,Guatemala,Guatemala,Zona 15,Pupusas Doña Lupe,Comida típica,Tarjeta,46.74,24.0,3.33,5.0
1171,2026-05-01,Quetzaltenango,Quetzaltenango,Zona 3,Burger Xelajú,Comida rápida,Tarjeta,399.9,32.7,5.19,4.0
1519,2026-08-17,Guatemala,Guatemala,Zona 1,Pupusas Doña Lupe,Comida típica,Transferencia,39.74,34.6,2.11,
1507,2026-05-14,Quetzaltenango,Quetzaltenango,Zona 3,Pupusas Doña Lupe,Comida típica,Tarjeta,32.85,32.5,1.9,4.0
1152,2026-01-02,Sacatepéquez,Antigua Guatemala,Centro Histórico,Burger Xelajú,Comida rápida,Tarjeta,55.33,26.6,3.15,5.0
1413,2026-02-14,Guatemala,Guatemala,Zona 1,Café Chuwa,Cafetería,Efectivo,34.51,28.0,5.21,5.0
1609,2026-03-21,Guatemala,Guatemala,Zona 15,Tacos El Chapín,Comida mexicana,Tarjeta,17.49,34.4,2.34,3.0
1581,2026-03-14,Guatemala,Villa Nueva,Centro,Tacos El Chapín,Comida mexicana,Tarjeta,50.25,22.6,3.52,4.0
1316,2026-03-13,Guatemala,Guatemala,Zona 15,Tacos El Chapín,Comida mexicana,Efectivo,28.76,28.5,4.6,4.0
1258,2026-05-30,Sacatepéquez,Antigua Guatemala,Centro Histórico,Pollo Real,Comida rápida,Tarjeta,35.13,29.2,2.33,5.0
1474,2026-08-17,Sacatepéquez,Antigua Guatemala,Centro Histórico,Burger Xelajú,Comida rápida,Efectivo,86.32,29.9,1.73,4.0
1337,2026-02-04,Guatemala,Guatemala,Zona 15,Pupusas Doña Lupe,Comida típica,Efectivo,56.66,23.5,2.21,5.0
1538,2026-04-12,Guatemala,Villa Nueva,Centro,Pollo Real,Comida rápida,Tarjeta,28.33,28.4,2.85,5.0
1504,2026-01-13,Sacatepéquez,Antigua Guatemala,Centro Histórico,Sushi Ixchel,Comida asiática,Efectivo,50.85,20.3,4.42,5.0
1398,2026-05-02,Guatemala,Guatemala,Zona 15,Burger Xelajú,Comida rápida,Tarjeta,67.88,34.2,4.88,4.0
1423,2026-04-21,Guatemala,Villa Nueva,Centro,Sushi Ixchel,Comida asiática,Efectivo,48.04,18.8,1.72,5.0
1605,2026-03-19,Guatemala,Guatemala,Zona 1,Tacos El Chapín,Comida mexicana,Efectivo,23.2,32.0,1.09,5.0
1480,2026-06-11,Guatemala,Guatemala,Zona 15,Café Chuwa,Cafetería,Tarjeta,41.12,17.6,2.65,4.0
1422,2026-01-16,Sacatepéquez,Antigua Guatemala,Centro Histórico,Burger Xelajú,Comida rápida,Efectivo,22.1,21.5,2.63,3.0
1119,2026-01-06,Sacatepéquez,Antigua Guatemala,Centro Histórico,Café Chuwa,Cafetería,Tarjeta,33.89,20.5,5.8,5.0
1256,2026-03-05,Sacatepéquez,Antigua Guatemala,Centro Histórico,Tacos El Chapín,Comida mexicana,Efectivo,24.03,38.1,3.54,5.0
1249,2026-03-15,Quetzaltenango,Quetzaltenango,Zona 3,Pupusas Doña Lupe,Comida típica,Tarjeta,52.88,25.2,3.46,5.0
